Student_ID,Gender,Age,Study_Hours,Attendance,Assignment_Score,Quiz_Score,Midterm_Score,Final_Score,Internet_Access,Parent_Education,Family_Income,Extra_Activities,Previous_GPA,Target,Grade,Risk_Level
1001,Male,22,5.5,79.7,65.4,58.4,78.7,83.9,Yes,Bachelor,High,Yes,3.65,Pass,B,Low
1002,Female,16,4.3,97.1,71.5,64.8,74.5,84.5,Yes,None,Medium,Yes,3.64,Pass,B,Low
1003,Female,20,1.0,93.0,53.7,47.9,64.6,66.7,Yes,Master,Medium,Yes,3.06,Pass,C,Low
1004,Female,18,4.7,95.0,59.4,65.0,49.0,67.7,No,None,High,Yes,3.28,Pass,C,Low
1005,Male,19,4.3,79.0,53.7,64.6,54.3,68.5,Yes,None,Medium,Yes,2.12,Pass,C,Low
1006,Male,19,6.7,91.0,77.7,61.0,71.0,85.5,Yes,Bachelor,Medium,Yes,2.66,Pass,A,Low
1007,Male,16,7.5,83.6,80.2,80.4,74.1,85.1,No,Bachelor,Medium,No,3.29,Pass,A,Low
1008,Female,15,6.5,84.3,79.3,86.0,78.1,94.4,No,High School,Medium,No,3.23,Pass,A,Low
1009,Female,18,3.4,84.1,74.7,59.7,60.1,71.2,Yes,Bachelor,High,No,3.34,Pass,C,Low
1010,Female,19,1.0,91.9,50.5,55.5,58.7,62.5,Yes,Master,Low,Yes,2.87,Pass,D,Medium
1011,Male,16,2.9,85.5,62.7,59.8,67.4,70.1,Yes,Bachelor,Medium,No,2.41,Pass,C,Low
1012,Female,22,3.3,80.8,60.1,60.3,70.5,65.4,Yes,Master,Medium,Yes,2.76,Pass,C,Low
1013,Female,19,7.8,88.3,89.7,80.6,90.0,92.7,Yes,Master,High,No,2.83,Pass,A,Low
1014,Male,21,2.0,83.6,53.3,68.1,52.7,68.3,Yes,High School,High,Yes,2.95,Pass,C,Low
1015,Male,18,1.2,91.8,59.9,42.2,60.9,60.2,Yes,Doctorate,Medium,Yes,2.22,Pass,D,Medium
1016,Male,18,2.4,81.4,59.2,56.9,66.1,66.8,Yes,Bachelor,Medium,No,2.64,Pass,C,Low
1017,Male,21,2.0,77.3,51.8,46.0,61.7,63.1,No,High School,Medium,No,2.75,Pass,D,Medium
1018,Female,17,1.2,87.2,48.0,54.0,64.0,52.2,Yes,Doctorate,Medium,No,1.45,Pass,D,Medium
1019,Male,22,3.0,98.4,65.6,64.0,82.4,80.4,Yes,Bachelor,High,Yes,3.3,Pass,B,Low
1020,Male,21,3.4,82.3,65.1,53.1,67.5,72.5,Yes,Master,High,Yes,2.9,Pass,C,Low
1021,Female,20,1.1,87.2,53.8,55.5,65.0,72.9,Yes,Bachelor,High,Yes,2.96,Pass,C,Low
1022,Male,20,2.6,79.9,55.1,50.7,57.2,60.4,Yes,Bachelor,Low,No,2.49,Pass,D,Medium
1023,Male,16,1.9,92.1,73.3,61.0,73.0,79.4,Yes,Master,High,No,3.15,Pass,B,Low
1024,Male,18,1.0,95.4,60.9,53.1,52.1,62.8,No,Bachelor,High,No,2.3,Pass,D,Medium
1025,Male,17,3.4,95.3,73.7,51.2,72.9,72.1,Yes,Bachelor,Medium,Yes,2.4,Pass,C,Low
1026,Female,17,3.6,96.7,61.3,70.8,77.5,79.2,Yes,High School,Medium,No,3.18,Pass,B,Low
1027,Male,19,1.9,92.1,67.6,61.6,65.7,76.4,Yes,Doctorate,Medium,Yes,3.01,Pass,B,Low
1028,Female,19,5.8,88.0,54.0,59.7,56.8,76.3,Yes,High School,Medium,Yes,2.03,Pass,B,Low
1029,Female,21,3.2,86.7,69.4,80.0,84.5,83.4,Yes,Doctorate,High,Yes,3.75,Pass,B,Low
1030,Male,17,2.0,87.8,53.1,55.1,48.4,63.1,Yes,Bachelor,Medium,Yes,2.34,Pass,D,Medium
1031,Female,21,1.1,89.4,68.7,48.0,69.4,64.3,Yes,Bachelor,Medium,Yes,2.72,Pass,D,Medium
1032,Male,22,3.8,85.3,62.1,69.7,68.7,79.4,Yes,None,Medium,Yes,3.85,Pass,B,Low
1033,Male,21,4.3,94.0,64.7,58.4,63.0,70.7,Yes,High School,Medium,Yes,1.56,Pass,C,Low
1034,Female,19,2.3,77.9,48.0,45.1,57.3,62.0,Yes,Bachelor,High,Yes,1.78,Pass,D,Medium
1035,Female,18,3.5,79.0,67.0,58.2,56.2,73.3,Yes,Master,Medium,Yes,3.07,Pass,C,Low
1036,Female,21,7.5,93.0,73.5,73.4,89.2,87.2,Yes,Master,Medium,Yes,1.31,Pass,A,Low
1037,Male,15,5.3,96.3,77.6,65.8,68.8,78.3,Yes,Bachelor,Low,Yes,1.57,Pass,B,Low
1038,Male,18,1.0,89.6,66.0,68.7,69.3,73.4,Yes,Bachelor,Medium,No,3.51,Pass,C,Low
1039,Female,17,2.0,89.2,54.8,67.9,67.6,69.2,No,Master,Medium,No,2.55,Pass,C,Low
1040,Male,17,2.9,63.1,70.1,49.4,69.2,71.5,Yes,Master,High,Yes,4.0,Pass,C,Medium
1041,Male,21,3.4,85.4,48.9,55.3,69.4,67.2,Yes,Master,Low,No,2.18,Pass,C,Low
1042,Female,18,3.5,86.9,69.1,62.9,65.0,80.3,Yes,Bachelor,Medium,No,2.61,Pass,B,Low
1043,Male,19,4.1,93.6,55.4,64.5,55.7,72.8,Yes,None,Low,Yes,3.12,Pass,C,Low
1044,Female,19,3.0,94.2,74.6,78.0,64.7,81.1,Yes,Bachelor,Medium,Yes,3.08,Pass,B,Low
1045,Male,20,3.2,95.9,72.2,62.2,69.2,87.2,Yes,High School,High,No,2.65,Pass,A,Low
1046,Female,17,5.5,91.1,72.0,76.6,78.7,82.6,Yes,Bachelor,Medium,No,2.41,Pass,B,Low
1047,Male,16,3.8,93.9,71.3,73.8,67.2,81.5,Yes,High School,Medium,No,2.94,Pass,B,Low
1048,Female,20,1.4,75.6,59.6,60.5,58.6,67.9,Yes,High School,Medium,No,3.63,Pass,C,Low
1049,Female,19,3.4,81.6,69.8,75.1,65.9,77.9,Yes,High School,Low,Yes,3.26,Pass,B,Low
1050,Male,18,3.0,81.9,68.3,53.3,73.5,72.5,Yes,High School,Medium,Yes,2.42,Pass,C,Low
1051,Female,22,1.0,74.8,58.5,42.3,47.4,51.5,Yes,Bachelor,Medium,Yes,2.2,Pass,D,Medium
1052,Female,19,3.5,93.9,48.6,41.5,52.9,66.5,No,High School,Medium,Yes,2.38,Pass,C,Low
1053,Female,18,1.6,89.5,49.8,38.5,28.4,44.5,No,High School,High,Yes,2.04,Fail,F,High
1054,Female,20,5.5,70.8,67.1,59.6,56.3,81.7,Yes,High School,Medium,Yes,2.89,Pass,B,Medium
1055,Female,17,4.1,86.9,62.4,56.2,60.4,82.0,Yes,High School,Medium,Yes,3.29,Pass,B,Low
1056,Female,19,1.4,76.7,49.3,51.6,51.5,57.7,Yes,High School,High,Yes,2.76,Pass,D,Medium
1057,Male,21,5.4,92.7,72.2,80.5,90.9,98.9,No,Bachelor,High,Yes,3.83,Pass,A,Low
1058,Male,18,6.8,72.8,80.7,73.8,73.2,89.4,Yes,None,Medium,Yes,3.87,Pass,A,Medium
1059,Male,17,2.7,91.4,60.7,58.2,65.5,72.7,No,Doctorate,Low,Yes,2.98,Pass,C,Low
1060,Male,22,2.9,84.5,91.9,81.9,89.0,85.6,Yes,Doctorate,Medium,Yes,3.22,Pass,A,Low
1061,Male,22,5.1,81.7,63.9,57.6,76.7,80.9,Yes,High School,Medium,No,2.26,Pass,B,Low
1062,Male,16,6.5,86.2,54.9,68.2,75.6,80.3,No,High School,Low,No,2.58,Pass,B,Low
1063,Female,18,1.0,96.3,55.3,53.8,57.9,71.0,Yes,High School,Low,Yes,3.56,Pass,C,Low
1064,Male,20,1.5,75.2,57.0,56.1,54.0,60.5,Yes,Master,Low,Yes,2.45,Pass,D,Medium
1065,Male,16,2.5,79.8,60.2,60.5,78.9,75.9,Yes,High School,Medium,No,3.69,Pass,B,Low
1066,Female,16,2.6,92.1,73.5,62.0,79.0,74.8,Yes,Bachelor,Medium,Yes,3.47,Pass,C,Low
1067,Male,15,5.0,89.5,66.1,47.9,83.2,83.2,Yes,High School,Medium,No,3.25,Pass,B,Low
1068,Female,19,6.5,69.0,56.9,64.4,68.2,70.9,Yes,High School,Low,Yes,2.1,Pass,C,Medium
1069,Male,18,6.8,87.1,82.5,67.1,70.5,88.0,Yes,None,Medium,No,2.61,Pass,A,Low
1070,Female,16,1.0,88.2,67.6,57.6,45.5,72.6,Yes,Master,Medium,No,3.19,Pass,C,Low
1071,Female,15,1.9,85.1,51.5,48.8,47.0,53.3,Yes,Master,Low,No,2.21,Pass,D,Medium
1072,Male,20,1.3,94.5,55.2,51.4,48.5,61.9,No,Bachelor,Medium,Yes,2.69,Pass,D,Medium
1073,Male,17,2.2,85.6,72.8,74.4,73.9,75.6,Yes,Doctorate,Medium,No,3.25,Pass,B,Low
1074,Female,21,1.9,95.1,61.9,59.7,57.2,63.9,Yes,Bachelor,Medium,No,2.46,Pass,D,Medium
1075,Female,21,4.1,84.1,66.6,63.2,61.7,70.1,Yes,None,Medium,No,2.29,Pass,C,Low
1076,Female,18,4.4,77.8,37.8,38.4,51.1,64.6,Yes,High School,Low,Yes,1.72,Pass,D,Medium
1077,Female,16,3.2,93.1,62.9,56.5,69.2,80.9,No,Bachelor,Medium,No,2.57,Pass,B,Low
1078,Male,21,3.0,90.0,67.9,67.0,77.2,75.7,Yes,Bachelor,Low,Yes,3.26,Pass,B,Low
1079,Male,19,2.5,90.5,57.4,57.4,55.4,67.9,Yes,Bachelor,Low,Yes,2.28,Pass,C,Low
1080,Male,21,2.7,93.2,53.6,61.6,72.3,69.6,Yes,Doctorate,Medium,No,2.81,Pass,C,Low
1081,Female,21,7.5,85.8,85.8,65.2,76.6,88.6,Yes,None,Medium,Yes,2.67,Pass,A,Low
1082,Female,21,4.8,95.1,53.6,47.4,62.0,64.6,No,Bachelor,Low,No,2.4,Pass,D,Medium
1083,Male,22,2.6,81.1,45.3,48.2,58.1,73.6,No,Bachelor,Low,No,3.3,Pass,C,Low
1084,Male,15,3.0,86.3,68.9,51.9,61.1,79.3,Yes,Bachelor,High,Yes,3.79,Pass,B,Low
1085,Male,16,4.2,88.3,83.5,70.0,72.9,82.9,No,Doctorate,Medium,No,3.4,Pass,B,Low
1086,Male,19,1.4,90.0,68.8,49.8,61.7,67.6,Yes,Bachelor,Medium,No,2.38,Pass,C,Low
1087,Female,16,3.5,68.3,52.8,39.7,49.9,63.8,Yes,High School,Medium,Yes,4.0,Pass,D,Medium
1088,Female,22,4.6,98.4,73.0,65.7,66.1,87.8,Yes,Bachelor,Low,No,3.4,Pass,A,Low
1089,Female,18,4.3,88.2,68.1,64.1,65.0,75.4,Yes,High School,Medium,Yes,2.53,Pass,B,Low
1090,Male,18,1.9,85.4,51.8,35.0,43.3,55.6,Yes,Master,Low,Yes,2.33,Pass,D,High
1091,Male,18,2.1,72.2,70.2,53.0,68.5,68.3,No,Bachelor,Medium,Yes,3.47,Pass,C,Medium
1092,Female,20,1.0,89.7,50.0,51.9,61.5,66.2,Yes,Bachelor,Low,Yes,2.9,Pass,C,Low
1093,Female,21,4.9,66.3,70.8,57.5,56.5,79.3,Yes,Master,Medium,Yes,2.29,Pass,B,Medium
1094,Female,20,9.2,80.7,68.2,70.0,69.8,89.1,Yes,High School,Medium,No,2.71,Pass,A,Low
1095,Female,15,1.7,81.8,49.9,60.6,50.9,60.2,Yes,High School,Medium,No,2.56,Pass,D,Medium
1096,Female,18,5.9,81.9,67.5,71.2,71.7,81.2,Yes,Bachelor,Low,Yes,2.31,Pass,B,Low
1097,Female,22,8.8,92.9,90.0,77.2,88.0,100.0,Yes,High School,Medium,Yes,3.41,Pass,A,Low
1098,Male,19,2.4,88.4,67.4,55.2,73.9,74.2,Yes,Bachelor,Medium,Yes,3.27,Pass,C,Low
1099,Male,16,3.0,81.9,58.6,50.9,63.2,69.0,Yes,None,Medium,Yes,3.3,Pass,C,Low
1100,Male,21,3.7,75.1,65.6,71.3,72.9,78.2,Yes,Master,Medium,Yes,3.29,Pass,B,Low
1101,Male,17,4.2,76.8,47.4,36.1,49.9,54.1,No,Doctorate,Medium,Yes,2.25,Pass,D,Medium
1102,Female,19,3.8,92.9,61.1,55.0,59.2,69.7,Yes,None,Medium,Yes,2.44,Pass,C,Low
1103,Male,21,2.5,91.3,71.9,60.7,78.5,72.5,Yes,Bachelor,Medium,Yes,3.68,Pass,C,Low
1104,Female,20,4.6,83.0,74.1,71.7,65.2,78.0,Yes,High School,High,No,2.86,Pass,B,Low
1105,Female,20,2.5,98.7,62.9,56.6,49.2,62.3,Yes,High School,Low,No,1.92,Pass,D,Medium
1106,Male,19,4.0,90.3,69.3,51.2,67.4,79.2,No,Master,Low,Yes,2.93,Pass,B,Low
1107,Male,20,3.1,85.9,79.9,76.8,72.0,78.7,Yes,Bachelor,Medium,Yes,3.19,Pass,B,Low
1108,Female,18,1.0,81.8,49.1,27.4,52.7,55.4,Yes,High School,High,Yes,3.11,Pass,D,Medium
1109,Male,15,6.4,93.6,68.5,77.6,77.7,78.7,No,Bachelor,High,No,2.24,Pass,B,Low
1110,Male,16,2.2,85.1,75.0,70.8,59.2,80.8,Yes,Bachelor,Medium,No,3.93,Pass,B,Low
1111,Male,15,6.7,92.0,72.5,77.5,80.4,83.7,Yes,Bachelor,Medium,No,1.9,Pass,B,Low
1112,Male,21,5.7,88.9,75.7,73.1,83.7,87.2,Yes,Doctorate,Medium,No,2.87,Pass,A,Low
1113,Female,16,3.7,93.2,74.8,65.4,80.6,89.4,Yes,Bachelor,Medium,Yes,3.84,Pass,A,Low
1114,Female,22,4.3,76.5,57.3,43.2,57.0,72.4,Yes,None,Medium,No,3.15,Pass,C,Low
1115,Female,16,4.6,81.9,69.7,79.1,73.6,79.2,Yes,Bachelor,High,Yes,3.3,Pass,B,Low
1116,Female,15,2.8,79.9,57.5,65.2,52.5,67.1,No,Master,Medium,Yes,2.17,Pass,C,Low
1117,Female,19,2.9,70.4,44.7,43.7,40.0,52.8,Yes,None,Medium,No,3.01,Pass,D,High
1118,Male,16,4.5,93.9,53.8,55.3,73.5,78.1,Yes,None,Medium,Yes,2.78,Pass,B,Low
1119,Female,22,3.2,83.3,47.8,63.3,59.1,62.8,Yes,High School,Medium,No,2.12,Pass,D,Medium
1120,Female,22,2.5,86.1,84.0,72.5,63.4,74.6,Yes,High School,Medium,Yes,3.32,Pass,C,Low
1121,Female,22,1.9,86.8,52.2,47.2,47.6,59.8,Yes,Bachelor,Medium,No,2.31,Pass,D,Medium
1122,Female,15,4.1,94.3,67.7,50.8,66.1,72.2,Yes,Bachelor,Low,Yes,2.38,Pass,C,Low
1123,Male,16,2.1,74.4,46.9,43.6,58.7,69.5,Yes,Bachelor,Low,Yes,3.06,Pass,C,Medium
1124,Male,17,5.2,79.9,68.5,73.1,68.5,77.8,Yes,None,Medium,No,2.71,Pass,B,Low
1125,Male,19,5.5,83.9,67.1,57.1,60.0,72.9,Yes,High School,High,No,2.9,Pass,C,Low
1126,Male,18,4.3,91.1,77.3,61.2,68.5,76.5,Yes,Bachelor,Low,No,2.68,Pass,B,Low
1127,Female,16,4.8,92.7,68.5,72.8,62.9,83.6,Yes,High School,Medium,No,3.65,Pass,B,Low
1128,Female,22,4.3,83.3,61.8,61.0,64.6,73.4,Yes,Doctorate,Medium,No,2.24,Pass,C,Low
1129,Male,17,5.0,99.2,55.0,59.4,60.0,77.3,Yes,None,Low,No,2.52,Pass,B,Low
1130,Female,18,4.9,81.5,69.9,63.8,85.4,87.9,Yes,Bachelor,High,Yes,3.09,Pass,A,Low
1131,Male,18,3.9,78.2,48.0,48.0,54.2,56.8,Yes,High School,High,Yes,2.21,Pass,D,Medium
1132,Male,21,5.8,97.4,55.9,54.9,70.1,82.4,No,Master,Low,Yes,2.18,Pass,B,Low
1133,Male,16,2.9,93.1,55.4,56.3,68.2,68.9,Yes,Bachelor,Medium,No,2.88,Pass,C,Low
1134,Male,15,2.0,94.8,61.0,54.3,52.9,70.8,Yes,Bachelor,Medium,Yes,3.32,Pass,C,Low
1135,Female,16,1.9,79.2,59.6,64.9,66.0,77.5,Yes,Doctorate,High,No,3.4,Pass,B,Low
1136,Male,17,2.6,96.7,60.3,52.4,64.4,68.7,Yes,None,Medium,Yes,2.86,Pass,C,Low
1137,Female,18,1.0,83.9,61.6,64.1,54.2,59.8,Yes,Bachelor,Low,No,2.4,Pass,D,Medium
1138,Female,16,3.6,85.1,79.4,67.6,71.4,76.2,Yes,Bachelor,Medium,Yes,2.97,Pass,B,Low
1139,Male,15,4.7,87.2,51.2,70.0,80.3,79.6,Yes,High School,High,Yes,3.14,Pass,B,Low
1140,Female,21,5.4,74.7,60.6,57.3,67.3,81.4,Yes,Bachelor,Low,No,2.96,Pass,B,Medium
1141,Female,16,1.0,97.8,69.3,63.7,77.3,72.7,Yes,Bachelor,Medium,Yes,3.54,Pass,C,Low
1142,Male,19,1.9,91.4,42.3,29.3,44.9,52.8,Yes,Bachelor,Low,Yes,2.19,Pass,D,High
1143,Female,21,5.1,73.9,57.3,65.0,54.9,74.7,Yes,High School,High,Yes,2.38,Pass,C,Medium
1144,Male,15,2.8,77.9,64.0,47.8,81.5,77.5,Yes,High School,Low,Yes,3.46,Pass,B,Low
1145,Male,17,4.6,70.3,53.5,58.8,58.3,64.4,No,High School,High,Yes,1.92,Pass,D,Medium
1146,Male,18,1.3,83.0,58.7,45.1,40.1,56.2,Yes,Bachelor,Medium,No,2.48,Pass,D,High
1147,Female,16,6.7,92.8,68.6,51.1,89.9,91.1,Yes,Bachelor,Medium,Yes,2.36,Pass,A,Low
1148,Female,15,1.3,79.9,55.1,46.3,52.3,63.1,Yes,Bachelor,High,No,1.86,Pass,D,Medium
1149,Male,21,3.6,88.9,70.3,51.6,50.9,77.5,Yes,Bachelor,High,Yes,2.69,Pass,B,Low
1150,Male,19,3.6,74.4,74.5,75.1,84.7,88.1,Yes,Bachelor,Medium,No,3.25,Pass,A,Medium
1151,Female,15,2.3,89.9,45.0,42.7,36.5,55.7,Yes,Master,Low,No,2.89,Pass,D,High
1152,Male,20,4.2,68.7,66.5,53.1,71.1,82.0,Yes,Bachelor,Medium,Yes,3.28,Pass,B,Medium
1153,Male,22,4.3,92.8,72.3,73.7,82.9,84.9,Yes,None,Medium,Yes,3.52,Pass,B,Low
1154,Male,19,4.0,97.9,61.8,61.8,74.7,72.3,Yes,Bachelor,Medium,Yes,2.57,Pass,C,Low
1155,Female,21,2.3,91.8,68.0,63.0,77.0,80.9,Yes,Bachelor,Medium,No,4.0,Pass,B,Low
1156,Male,17,2.0,86.8,35.9,44.3,57.9,65.6,Yes,High School,Low,No,2.59,Pass,C,Low
1157,Female,18,2.5,73.1,59.4,57.6,67.3,70.2,No,Bachelor,Medium,No,2.67,Pass,C,Medium
1158,Female,21,1.8,96.3,45.7,52.3,61.8,64.2,Yes,Doctorate,Medium,Yes,2.38,Pass,D,Medium
1159,Male,22,5.9,97.9,71.6,55.7,73.9,87.6,Yes,None,Low,Yes,3.13,Pass,A,Low
1160,Female,17,2.6,83.4,64.6,46.7,60.0,69.4,Yes,None,Medium,Yes,2.63,Pass,C,Low
1161,Male,16,3.5,76.9,49.5,56.8,69.6,70.2,Yes,High School,Medium,Yes,2.75,Pass,C,Low
1162,Female,15,5.1,88.1,77.6,65.4,75.0,82.6,Yes,Bachelor,Medium,Yes,2.68,Pass,B,Low
1163,Female,20,1.8,92.2,57.2,62.3,64.5,66.2,Yes,Bachelor,Low,Yes,2.66,Pass,C,Low
1164,Female,19,1.2,90.6,60.5,45.8,56.0,64.7,Yes,Bachelor,Medium,No,2.89,Pass,D,Medium
1165,Male,19,1.8,95.6,46.5,53.9,45.6,60.8,No,High School,Low,Yes,2.53,Pass,D,Medium
1166,Female,15,3.7,75.3,62.1,57.6,77.0,73.6,Yes,Doctorate,Medium,No,2.56,Pass,C,Low
1167,Male,20,3.6,84.6,56.0,72.1,72.4,82.3,Yes,None,Medium,Yes,3.44,Pass,B,Low
1168,Male,15,4.0,97.5,70.2,70.7,59.8,77.3,Yes,Bachelor,Medium,No,2.62,Pass,B,Low
1169,Male,16,3.0,80.0,62.2,54.9,54.1,67.5,Yes,High School,Low,No,3.03,Pass,C,Low
1170,Female,22,1.0,82.3,30.3,36.4,16.9,43.4,Yes,High School,Medium,No,2.27,Fail,F,High
1171,Female,17,2.9,74.8,58.3,67.0,61.7,78.7,Yes,Bachelor,High,No,2.53,Pass,B,Medium
1172,Male,21,5.5,93.0,67.3,53.9,59.2,71.5,Yes,Bachelor,Low,No,2.06,Pass,C,Low
1173,Female,19,6.3,86.0,75.3,56.7,77.4,93.9,Yes,None,High,No,3.91,Pass,A,Low
1174,Male,16,3.4,65.5,50.8,55.4,60.0,66.6,No,Bachelor,Medium,Yes,3.63,Pass,C,Medium
1175,Female,17,3.6,96.4,80.3,70.4,84.5,86.8,Yes,Bachelor,Medium,No,3.16,Pass,A,Low
1176,Male,16,4.6,84.1,74.0,91.1,96.7,89.7,Yes,Bachelor,Low,No,4.0,Pass,A,Low
1177,Female,20,6.2,88.1,75.6,62.5,79.5,96.4,Yes,High School,Low,No,3.26,Pass,A,Low
1178,Male,19,3.2,88.0,71.3,58.5,73.1,77.3,Yes,None,High,Yes,2.7,Pass,B,Low
1179,Female,21,4.5,82.4,75.9,72.3,76.5,86.1,Yes,Bachelor,Medium,Yes,3.02,Pass,A,Low
1180,Male,15,2.2,96.3,66.6,63.0,62.2,69.8,Yes,None,Low,No,3.62,Pass,C,Low
1181,Male,15,1.4,95.3,44.3,56.8,55.6,59.2,Yes,Bachelor,Medium,No,2.27,Pass,D,Medium
1182,Male,17,2.4,85.6,45.4,44.8,53.8,61.4,Yes,Master,Low,Yes,2.1,Pass,D,Medium
1183,Female,21,7.0,87.5,68.5,58.1,74.5,86.0,Yes,High School,Medium,Yes,3.04,Pass,A,Low
1184,Female,22,4.6,87.0,65.4,60.6,73.6,79.8,Yes,Bachelor,Medium,Yes,2.45,Pass,B,Low
1185,Male,18,1.4,87.8,46.0,35.2,57.7,63.4,Yes,Master,High,Yes,1.44,Pass,D,Medium
1186,Female,20,4.7,86.1,58.8,66.8,58.7,74.6,No,Master,Medium,Yes,2.05,Pass,C,Low
1187,Female,17,1.5,84.4,56.5,44.4,55.5,59.8,Yes,Master,Low,Yes,2.61,Pass,D,Medium
1188,Female,18,4.0,90.5,64.2,58.9,63.7,73.0,Yes,High School,Medium,No,2.83,Pass,C,Low
1189,Female,16,1.7,93.4,60.4,63.7,66.9,68.2,Yes,None,Medium,Yes,2.85,Pass,C,Low
1190,Male,20,1.4,89.1,54.4,53.5,53.7,65.9,No,None,Medium,Yes,4.0,Pass,C,Low
1191,Male,16,7.6,96.9,74.8,67.0,77.7,90.7,Yes,High School,High,No,2.68,Pass,A,Low
1192,Female,22,2.6,84.3,56.8,44.4,47.6,64.2,Yes,None,Medium,No,2.97,Pass,D,Medium
1193,Female,21,4.5,94.8,53.4,55.4,84.8,78.9,Yes,High School,Low,No,1.82,Pass,B,Low
1194,Female,19,3.3,87.5,72.6,59.1,59.8,75.6,Yes,Bachelor,High,Yes,2.78,Pass,B,Low
1195,Male,20,1.6,87.2,65.9,52.2,49.7,65.9,Yes,Bachelor,Low,No,3.0,Pass,C,Low
1196,Male,18,2.8,93.5,54.8,36.1,46.0,61.3,Yes,None,Low,Yes,1.97,Pass,D,Medium
1197,Female,22,1.6,93.5,52.1,63.3,58.3,75.2,Yes,High School,Medium,No,2.24,Pass,B,Low
1198,Female,19,10.0,96.5,94.7,92.5,100.0,100.0,Yes,Bachelor,High,No,3.09,Pass,A,Low
1199,Female,15,5.0,91.8,80.0,64.8,76.4,84.2,Yes,Bachelor,Medium,Yes,2.47,Pass,B,Low
1200,Female,18,3.2,93.2,61.5,56.8,57.5,64.3,Yes,Bachelor,Low,Yes,2.74,Pass,D,Medium
1201,Female,17,4.4,92.9,65.0,73.4,82.1,83.5,Yes,Bachelor,Medium,Yes,3.12,Pass,B,Low
1202,Male,15,4.8,97.9,80.8,83.2,88.1,92.6,No,High School,Medium,No,4.0,Pass,A,Low
1203,Male,22,4.8,92.6,59.1,63.9,72.6,76.5,No,Master,Medium,Yes,2.67,Pass,B,Low
1204,Female,15,4.7,90.0,71.9,63.6,81.6,82.8,Yes,None,Low,No,3.86,Pass,B,Low
1205,Female,17,4.5,82.5,57.8,65.8,60.2,64.5,Yes,Master,Medium,Yes,1.62,Pass,D,Medium
1206,Male,20,3.4,85.0,73.4,65.1,73.0,78.8,Yes,Doctorate,High,Yes,2.89,Pass,B,Low
1207,Male,15,7.3,79.7,65.5,80.3,80.4,91.4,Yes,Bachelor,Medium,No,2.6,Pass,A,Low
1208,Female,21,3.5,87.7,57.2,53.2,55.7,65.2,Yes,Bachelor,Low,No,2.48,Pass,C,Low
1209,Male,18,3.3,70.7,63.2,75.5,71.9,67.4,Yes,Bachelor,High,No,3.19,Pass,C,Medium
1210,Male,19,3.6,94.8,63.8,59.5,69.0,76.7,No,High School,Medium,Yes,2.67,Pass,B,Low
1211,Female,15,3.7,83.2,58.5,42.1,46.5,63.0,No,None,High,Yes,1.59,Pass,D,Medium
1212,Female,18,1.0,85.6,49.3,71.1,43.1,60.1,Yes,High School,Low,Yes,1.85,Pass,D,High
1213,Female,16,1.8,69.7,39.6,29.7,30.4,45.6,Yes,None,Low,Yes,3.23,Fail,F,High
1214,Male,18,3.0,93.4,53.5,37.8,61.9,62.0,No,High School,Medium,Yes,1.82,Pass,D,Medium
1215,Female,19,1.0,91.1,66.2,32.4,68.3,62.8,No,Master,Medium,No,3.25,Pass,D,Medium
1216,Male,18,3.2,87.9,65.3,78.0,58.2,72.0,No,High School,Medium,Yes,2.87,Pass,C,Low
1217,Male,17,3.7,88.5,71.3,85.3,75.5,79.2,Yes,High School,Medium,Yes,2.7,Pass,B,Low
1218,Female,22,1.3,93.4,54.4,55.6,68.4,65.8,Yes,Master,Low,Yes,2.75,Pass,C,Low
1219,Female,19,2.1,61.5,34.7,44.2,47.7,52.9,Yes,High School,Medium,No,3.11,Pass,D,Medium
1220,Female,22,6.4,85.9,77.3,68.4,67.8,83.6,Yes,Master,Medium,No,2.09,Pass,B,Low
1221,Female,20,4.4,94.2,75.0,60.5,94.6,84.1,Yes,Bachelor,Medium,Yes,2.83,Pass,B,Low
1222,Female,22,4.3,74.5,61.9,64.0,60.2,69.5,Yes,High School,Medium,Yes,2.12,Pass,C,Medium
1223,Male,16,6.0,75.7,72.4,74.1,69.8,79.7,No,None,Medium,Yes,2.9,Pass,B,Low
1224,Male,17,1.9,92.5,62.2,41.1,56.2,60.0,No,Bachelor,Medium,No,3.19,Pass,D,Medium
1225,Male,20,1.3,79.5,59.0,53.9,61.8,66.8,Yes,Master,Medium,No,2.9,Pass,C,Low
1226,Male,18,5.6,90.3,69.4,65.9,70.5,81.9,No,Bachelor,Medium,No,3.17,Pass,B,Low
1227,Female,19,3.1,77.5,62.9,57.4,77.5,65.2,Yes,Bachelor,Low,Yes,2.38,Pass,C,Low
1228,Male,16,1.8,89.5,57.1,48.1,69.1,70.2,Yes,Bachelor,Medium,Yes,2.76,Pass,C,Low
1229,Female,17,1.0,82.4,41.9,40.1,46.1,53.2,Yes,High School,High,No,2.66,Pass,D,Medium
1230,Female,20,3.6,89.6,64.6,65.7,79.1,80.5,Yes,Bachelor,Medium,No,2.62,Pass,B,Low
1231,Female,20,2.8,78.0,41.1,59.4,51.3,62.3,Yes,Bachelor,Low,No,2.32,Pass,D,Medium
1232,Female,16,2.5,92.5,69.3,60.8,64.1,68.3,Yes,Bachelor,High,No,2.54,Pass,C,Low
1233,Female,21,1.0,76.6,36.6,29.9,31.9,48.8,Yes,Bachelor,Low,Yes,2.13,Fail,F,High
1234,Female,18,7.2,87.4,75.9,65.8,72.8,77.6,Yes,Bachelor,Low,No,1.78,Pass,B,Low
1235,Male,16,1.1,82.8,42.0,40.5,47.3,52.4,No,High School,Medium,No,2.38,Pass,D,Medium
1236,Female,20,2.7,95.8,62.3,57.2,54.8,69.9,Yes,Bachelor,Medium,No,3.18,Pass,C,Low
1237,Male,15,2.4,90.1,67.8,64.0,70.7,72.0,Yes,Bachelor,Low,Yes,2.94,Pass,C,Low
1238,Male,17,4.5,84.0,61.6,47.0,49.3,71.8,Yes,High School,Medium,Yes,2.05,Pass,C,Low
1239,Female,16,1.0,98.0,47.8,42.2,55.5,62.0,Yes,High School,Medium,Yes,2.56,Pass,D,Medium
1240,Male,21,4.2,79.8,61.7,52.8,77.3,71.7,Yes,High School,Low,Yes,3.22,Pass,C,Low
1241,Female,20,3.6,88.9,62.5,51.9,67.6,67.8,Yes,None,Medium,Yes,2.53,Pass,C,Low
1242,Female,18,2.1,80.1,49.0,57.7,61.3,70.5,Yes,Master,Medium,No,1.95,Pass,C,Low
1243,Female,22,4.1,79.2,67.3,65.1,86.0,82.9,Yes,High School,Medium,Yes,4.0,Pass,B,Low
1244,Male,20,3.2,72.7,49.1,44.5,60.2,60.4,Yes,High School,Low,Yes,2.7,Pass,D,Medium
1245,Male,18,8.2,98.7,78.7,72.1,89.1,100.0,Yes,Master,Low,Yes,2.1,Pass,A,Low
1246,Female,16,2.8,87.5,67.8,45.7,63.6,63.9,Yes,Bachelor,Medium,Yes,2.9,Pass,D,Medium
1247,Male,18,1.7,79.6,39.6,54.2,49.5,63.8,No,Master,High,No,2.75,Pass,D,Medium
1248,Female,19,4.2,88.8,53.6,53.8,67.5,67.3,Yes,None,Medium,Yes,1.88,Pass,C,Low
1249,Female,19,2.6,87.0,59.1,60.4,59.6,71.7,Yes,Bachelor,Medium,Yes,2.86,Pass,C,Low
1250,Female,19,3.2,96.5,55.0,57.2,62.0,72.3,No,High School,Low,No,3.39,Pass,C,Low
1251,Male,21,1.3,72.4,62.2,43.2,66.2,56.2,Yes,Master,Medium,No,2.66,Pass,D,Medium
1252,Male,21,4.5,83.6,57.7,46.7,53.7,66.1,Yes,None,Low,Yes,1.56,Pass,C,Low
1253,Female,15,2.4,84.2,43.6,39.6,43.5,62.7,No,Bachelor,Medium,No,3.01,Pass,D,High
1254,Male,21,3.7,93.3,73.1,66.0,86.0,75.6,Yes,Bachelor,Medium,No,3.16,Pass,B,Low
1255,Male,22,9.3,68.9,85.4,72.0,78.9,88.6,Yes,Bachelor,High,No,2.45,Pass,A,Medium
1256,Female,16,2.7,90.6,51.4,56.7,56.7,71.4,No,Bachelor,Medium,Yes,2.45,Pass,C,Low
1257,Female,20,4.9,97.5,92.5,95.3,90.6,100.0,No,Master,High,No,4.0,Pass,A,Low
1258,Female,20,2.9,74.7,42.5,29.8,43.6,56.4,Yes,None,Low,Yes,2.41,Pass,D,High
1259,Female,15,2.1,96.6,49.5,43.8,33.8,60.7,Yes,Bachelor,Low,Yes,2.13,Pass,D,High
1260,Male,21,6.6,98.5,93.6,88.4,100.0,100.0,Yes,Master,High,Yes,2.82,Pass,A,Low
1261,Female,22,1.0,85.2,73.4,43.5,57.3,66.6,Yes,High School,Medium,Yes,3.14,Pass,C,Low
1262,Female,18,5.6,97.0,67.3,69.6,82.1,93.2,Yes,High School,High,No,3.12,Pass,A,Low
1263,Male,15,1.0,94.2,38.1,44.9,50.8,51.5,Yes,Bachelor,Low,No,1.32,Pass,D,Medium
1264,Female,22,5.3,91.4,65.0,61.9,72.5,80.3,Yes,High School,Medium,Yes,2.4,Pass,B,Low
1265,Female,18,3.2,93.5,74.1,66.8,66.7,83.7,No,Bachelor,Medium,Yes,3.49,Pass,B,Low
1266,Female,22,1.7,73.7,32.7,44.7,47.6,51.6,No,High School,Low,Yes,3.0,Pass,D,Medium
1267,Female,18,2.5,79.9,38.5,24.0,52.5,59.6,No,Master,Medium,No,2.06,Pass,D,Medium
1268,Female,17,4.7,93.1,72.3,62.6,80.3,87.9,No,Master,Medium,No,3.55,Pass,A,Low
1269,Male,22,8.8,77.7,95.2,89.1,84.4,98.3,Yes,Bachelor,Low,No,3.38,Pass,A,Low
1270,Male,20,1.0,80.9,43.2,44.7,52.2,55.5,Yes,High School,Low,No,2.62,Pass,D,Medium
1271,Female,19,1.7,82.5,45.4,26.5,53.2,53.2,Yes,Bachelor,Low,No,3.33,Pass,D,Medium
1272,Female,21,1.2,93.5,68.4,47.7,60.4,72.0,Yes,None,Low,No,4.0,Pass,C,Low
1273,Female,18,2.8,95.3,72.5,64.6,70.4,73.9,Yes,Bachelor,Medium,Yes,2.17,Pass,C,Low
1274,Female,17,5.4,91.2,70.5,65.3,91.9,86.1,Yes,High School,Low,No,3.13,Pass,A,Low
1275,Female,22,1.1,65.4,50.1,23.0,42.0,46.6,No,High School,Low,No,3.99,Fail,F,High
1276,Female,20,3.2,88.6,69.8,73.3,72.1,76.7,Yes,Bachelor,High,No,3.19,Pass,B,Low
1277,Female,19,5.3,87.2,68.3,66.8,76.1,80.9,Yes,High School,Medium,No,2.35,Pass,B,Low
1278,Female,18,2.4,98.6,68.3,60.3,79.2,77.0,Yes,Master,Medium,No,2.94,Pass,B,Low
1279,Female,22,3.6,90.3,75.2,77.2,80.0,80.7,Yes,Master,Medium,No,3.62,Pass,B,Low
1280,Female,22,6.3,91.0,72.0,56.7,71.1,82.4,Yes,High School,High,No,2.19,Pass,B,Low
1281,Female,18,1.5,87.4,60.5,48.0,41.0,56.6,Yes,Bachelor,Low,Yes,2.78,Pass,D,High
1282,Male,15,1.0,94.8,43.1,45.8,57.7,64.3,Yes,High School,Medium,Yes,2.65,Pass,D,Medium
1283,Male,15,3.9,90.9,51.7,41.6,66.5,73.9,Yes,None,Medium,No,2.42,Pass,C,Low
1284,Male,20,3.9,87.1,65.7,69.0,81.8,80.4,Yes,Bachelor,Medium,Yes,2.94,Pass,B,Low
1285,Female,19,2.3,92.1,59.9,59.0,56.5,75.0,Yes,Bachelor,Medium,No,2.74,Pass,B,Low
1286,Male,18,2.1,88.5,61.9,51.4,73.7,72.1,No,Bachelor,High,No,3.19,Pass,C,Low
1287,Male,20,3.3,98.0,65.4,73.2,73.8,77.3,Yes,Bachelor,High,No,3.48,Pass,B,Low
1288,Female,20,1.5,91.7,53.5,35.8,51.2,62.8,No,Bachelor,Low,No,2.04,Pass,D,Medium
1289,Male,16,1.5,86.1,59.8,56.4,52.3,70.9,Yes,Bachelor,Low,Yes,2.84,Pass,C,Low
1290,Female,22,4.7,92.0,76.5,70.8,84.1,90.8,Yes,Bachelor,High,No,2.77,Pass,A,Low
1291,Male,21,1.4,82.3,48.0,42.2,46.0,54.6,Yes,Bachelor,Medium,No,2.92,Pass,D,Medium
1292,Male,22,1.0,85.2,49.9,52.3,59.6,57.1,Yes,High School,Low,Yes,2.79,Pass,D,Medium
1293,Female,15,2.0,94.3,48.2,45.6,53.6,60.1,Yes,High School,Medium,Yes,2.21,Pass,D,Medium
1294,Male,19,2.4,92.0,71.8,66.6,64.7,87.7,Yes,Bachelor,Low,No,3.67,Pass,A,Low
1295,Male,22,4.2,87.0,78.8,75.7,69.8,81.5,No,Bachelor,Low,No,3.93,Pass,B,Low
1296,Female,18,2.2,76.9,52.0,60.9,70.8,72.4,Yes,Bachelor,High,No,3.13,Pass,C,Low
1297,Female,20,6.9,89.9,77.6,62.4,73.4,89.1,Yes,None,Low,Yes,3.16,Pass,A,Low
1298,Male,18,3.4,86.5,63.1,61.9,66.5,78.2,Yes,High School,Low,Yes,2.88,Pass,B,Low
1299,Female,16,1.9,82.7,61.3,60.6,56.1,63.5,Yes,High School,Low,Yes,3.38,Pass,D,Medium
1300,Male,19,4.1,97.0,60.2,72.7,71.0,74.0,Yes,High School,Medium,Yes,1.33,Pass,C,Low
1301,Male,20,6.8,74.5,72.1,65.8,78.6,82.0,Yes,Bachelor,Low,No,2.8,Pass,B,Medium
1302,Female,18,4.7,82.2,62.2,69.6,76.2,75.4,Yes,Bachelor,Medium,Yes,2.46,Pass,B,Low
1303,Female,15,1.1,96.5,80.2,74.7,75.2,81.2,Yes,Master,Medium,No,2.89,Pass,B,Low
1304,Female,21,2.5,81.8,55.1,52.8,62.9,64.9,Yes,High School,High,No,3.46,Pass,D,Medium
1305,Female,16,3.7,78.8,57.7,70.9,60.8,73.4,Yes,Bachelor,Low,No,2.81,Pass,C,Low
1306,Female,19,4.5,82.7,68.9,69.7,74.0,79.8,Yes,Doctorate,High,Yes,2.58,Pass,B,Low
1307,Female,16,2.9,94.9,48.0,38.9,47.5,56.6,Yes,None,Low,No,1.96,Pass,D,Medium
1308,Male,15,2.6,89.5,64.4,46.1,68.3,67.9,Yes,None,Medium,Yes,2.73,Pass,C,Low
1309,Female,19,8.2,83.5,91.2,72.7,100.0,100.0,Yes,Master,Medium,Yes,3.2,Pass,A,Low
1310,Male,16,4.7,87.6,69.0,57.7,65.5,76.0,Yes,None,Low,Yes,2.3,Pass,B,Low
1311,Male,17,4.1,95.1,53.9,47.9,51.3,65.8,Yes,High School,Medium,No,1.6,Pass,C,Low
1312,Male,15,2.2,81.5,67.3,65.9,66.9,74.9,Yes,High School,Low,Yes,4.0,Pass,C,Low
1313,Male,15,1.5,81.4,49.8,63.7,60.2,63.9,Yes,High School,Low,Yes,3.0,Pass,D,Medium
1314,Female,15,4.1,91.2,77.0,63.3,84.3,83.7,Yes,Master,Medium,Yes,2.67,Pass,B,Low
1315,Female,17,5.0,84.9,72.5,60.5,70.5,89.1,Yes,None,Medium,Yes,3.63,Pass,A,Low
1316,Female,17,3.2,79.2,67.4,55.8,73.0,76.1,Yes,High School,Low,Yes,2.88,Pass,B,Low
1317,Male,18,4.7,85.6,79.0,54.3,79.7,84.8,Yes,Bachelor,Low,No,3.6,Pass,B,Low
1318,Male,20,4.8,77.4,69.4,74.8,81.9,81.2,Yes,Master,Low,No,3.55,Pass,B,Low
1319,Male,21,5.2,90.7,65.6,59.0,64.5,74.7,Yes,None,Medium,No,2.04,Pass,C,Low
1320,Male,16,1.1,89.8,69.5,59.9,65.3,67.0,Yes,Bachelor,Medium,No,3.08,Pass,C,Low
1321,Female,18,2.6,97.4,72.6,61.4,65.1,76.2,Yes,None,Low,No,3.84,Pass,B,Low
1322,Female,16,4.3,93.2,61.2,57.7,65.9,67.0,Yes,Bachelor,Low,Yes,2.2,Pass,C,Low
1323,Female,21,3.3,81.2,67.1,41.5,56.8,66.0,Yes,Bachelor,Medium,No,2.21,Pass,C,Low
1324,Male,20,4.8,77.1,67.7,60.7,70.8,84.1,Yes,Bachelor,Medium,No,2.31,Pass,B,Low
1325,Female,17,4.1,78.2,85.2,67.9,74.9,84.3,Yes,Bachelor,Medium,Yes,3.33,Pass,B,Low
1326,Female,20,1.0,84.8,54.9,50.8,60.1,66.4,Yes,High School,High,No,2.97,Pass,C,Low
1327,Female,17,5.9,93.7,66.0,56.1,73.4,83.0,Yes,Master,Low,No,1.64,Pass,B,Low
1328,Female,21,2.4,98.2,77.8,71.5,77.1,80.6,Yes,Master,High,No,3.0,Pass,B,Low
1329,Male,20,1.8,86.6,60.9,53.4,62.6,66.1,Yes,Master,Medium,No,2.65,Pass,C,Low
1330,Male,18,5.8,78.3,77.2,60.3,77.8,78.1,Yes,Bachelor,High,Yes,2.73,Pass,B,Low
1331,Male,19,4.6,91.4,58.8,67.7,94.3,84.1,Yes,Bachelor,Low,No,2.3,Pass,B,Low
1332,Female,18,6.2,93.9,89.4,74.4,91.6,97.0,Yes,Bachelor,Medium,Yes,3.01,Pass,A,Low
1333,Male,16,3.7,96.7,56.6,54.9,65.7,73.2,No,High School,Medium,No,3.43,Pass,C,Low
1334,Male,18,2.5,85.4,71.8,69.6,76.3,80.2,Yes,Bachelor,Medium,No,2.41,Pass,B,Low
1335,Male,21,3.5,66.1,42.4,54.7,48.2,53.9,Yes,High School,High,No,1.79,Pass,D,Medium
1336,Male,15,1.6,62.4,43.0,41.6,47.1,63.7,Yes,High School,Medium,Yes,2.62,Pass,D,Medium
1337,Female,16,1.2,78.2,61.1,56.7,68.4,69.5,Yes,Master,High,Yes,3.25,Pass,C,Low
1338,Female,20,2.1,86.8,53.5,52.5,59.2,64.8,Yes,High School,Medium,Yes,2.55,Pass,D,Medium
1339,Male,16,7.2,95.9,74.7,79.2,86.0,99.9,Yes,None,Medium,Yes,1.9,Pass,A,Low
1340,Male,19,2.3,83.7,55.0,55.4,51.6,57.0,Yes,Bachelor,Low,No,3.26,Pass,D,Medium
1341,Female,17,1.0,95.3,64.2,57.9,60.0,69.7,No,None,High,No,3.65,Pass,C,Low
1342,Male,20,2.9,92.0,58.4,46.9,63.2,68.3,Yes,High School,Medium,No,2.81,Pass,C,Low
1343,Male,22,2.2,82.7,51.5,35.3,58.4,58.0,Yes,Bachelor,Medium,No,1.84,Pass,D,Medium
1344,Male,16,5.9,92.3,71.5,72.6,80.4,88.5,Yes,Bachelor,Medium,Yes,2.61,Pass,A,Low
1345,Male,20,7.0,89.2,78.6,71.6,81.9,91.5,Yes,Master,Medium,Yes,2.89,Pass,A,Low
1346,Female,20,2.5,94.8,69.2,51.4,69.7,77.9,Yes,Bachelor,High,Yes,2.31,Pass,B,Low
1347,Female,20,3.7,88.2,58.1,63.4,67.8,77.7,Yes,High School,Low,No,3.15,Pass,B,Low
1348,Male,17,3.9,91.2,72.8,57.8,68.6,78.2,Yes,Doctorate,Low,No,2.26,Pass,B,Low
1349,Male,22,3.1,71.6,52.1,55.5,52.8,65.7,Yes,Bachelor,Low,No,2.82,Pass,C,Medium
1350,Female,21,2.8,94.7,63.1,47.3,58.3,64.4,Yes,High School,Medium,Yes,2.66,Pass,D,Medium
1351,Female,18,1.7,88.9,58.9,47.7,74.6,71.5,Yes,Bachelor,Low,Yes,3.17,Pass,C,Low
1352,Female,20,1.0,92.3,61.4,71.4,72.6,72.8,Yes,Bachelor,Low,No,2.79,Pass,C,Low
1353,Female,15,1.7,79.7,55.7,43.3,54.2,56.3,Yes,High School,Low,Yes,2.68,Pass,D,Medium
1354,Male,21,3.0,95.0,74.4,63.9,73.4,81.0,Yes,Bachelor,Medium,No,2.32,Pass,B,Low
1355,Male,19,1.1,75.0,52.0,47.8,67.2,53.8,Yes,High School,Medium,Yes,2.82,Pass,D,Medium
1356,Female,17,3.6,84.8,53.8,48.0,64.0,79.2,Yes,Bachelor,Low,Yes,2.64,Pass,B,Low
1357,Male,16,3.3,95.5,56.7,70.8,66.7,73.8,Yes,Master,High,No,2.28,Pass,C,Low
1358,Female,17,2.2,94.3,57.7,61.4,63.4,67.7,Yes,Bachelor,High,Yes,2.9,Pass,C,Low
1359,Female,16,2.7,78.5,54.8,51.0,57.9,68.6,Yes,Bachelor,Low,No,3.02,Pass,C,Low
1360,Female,17,1.3,84.1,61.8,54.7,40.2,62.3,Yes,High School,Medium,No,2.6,Pass,D,High
1361,Male,16,5.1,90.6,64.3,68.1,72.1,91.9,Yes,High School,Medium,Yes,3.36,Pass,A,Low
1362,Female,20,5.1,97.4,88.3,87.0,89.0,100.0,Yes,High School,Low,No,2.96,Pass,A,Low
1363,Male,18,1.4,94.9,44.7,38.8,56.4,53.1,No,Bachelor,Low,No,2.03,Pass,D,Medium
1364,Female,16,1.5,91.8,70.7,83.2,68.9,77.5,Yes,Bachelor,Medium,Yes,3.6,Pass,B,Low
1365,Female,22,1.7,88.6,59.0,57.4,42.7,60.8,Yes,None,Medium,No,3.26,Pass,D,High
1366,Male,16,4.4,73.9,63.8,75.2,71.8,82.6,Yes,High School,Low,No,3.4,Pass,B,Medium
1367,Female,15,3.9,71.9,66.3,69.0,78.0,83.5,Yes,Bachelor,High,Yes,3.04,Pass,B,Medium
1368,Female,16,5.7,82.8,53.5,54.8,56.2,63.4,Yes,Bachelor,Medium,No,1.4,Pass,D,Medium
1369,Male,15,6.1,83.6,68.1,62.4,75.1,85.6,Yes,Bachelor,Medium,Yes,3.46,Pass,A,Low
1370,Male,19,1.0,82.7,49.5,41.6,65.6,59.0,Yes,Doctorate,Low,No,2.84,Pass,D,Medium
1371,Male,20,4.3,77.3,61.9,38.0,55.0,72.0,No,High School,Medium,No,3.01,Pass,C,Low
1372,Male,15,5.9,67.8,63.1,62.2,63.4,78.7,Yes,High School,Medium,Yes,3.12,Pass,B,Medium
1373,Male,18,2.6,78.0,68.3,66.4,58.1,78.8,Yes,Bachelor,Medium,Yes,3.96,Pass,B,Low
1374,Female,21,3.2,99.5,59.3,49.8,56.5,68.3,No,Bachelor,Medium,Yes,2.47,Pass,C,Low
1375,Male,20,2.9,91.9,61.9,47.4,46.2,64.9,No,High School,Medium,Yes,2.49,Pass,D,Medium
1376,Male,15,2.9,71.7,46.8,53.3,61.2,63.8,Yes,High School,Medium,No,2.29,Pass,D,Medium
1377,Female,20,5.1,96.7,64.1,59.8,85.9,81.8,Yes,Bachelor,Medium,No,2.16,Pass,B,Low
1378,Male,22,8.0,78.0,75.0,87.3,81.8,92.9,Yes,Bachelor,High,Yes,2.17,Pass,A,Low
1379,Female,20,6.7,75.2,77.0,64.4,79.9,87.8,Yes,High School,Medium,No,1.69,Pass,A,Low
1380,Male,20,2.3,63.9,67.0,58.6,47.2,71.8,Yes,Bachelor,Low,No,3.06,Pass,C,Medium
1381,Male,19,3.7,96.0,77.0,68.0,77.3,85.4,Yes,Bachelor,Medium,No,3.99,Pass,A,Low
1382,Female,18,1.9,93.5,56.1,60.4,63.7,82.2,Yes,Bachelor,Low,No,4.0,Pass,B,Low
1383,Female,17,2.0,88.9,51.5,63.0,63.6,64.4,Yes,None,High,No,2.29,Pass,D,Medium
1384,Female,17,3.1,95.4,46.2,53.7,39.5,66.7,Yes,High School,Medium,Yes,2.64,Pass,C,High
1385,Female,15,2.0,81.4,58.4,67.6,60.5,68.6,Yes,None,Medium,Yes,3.54,Pass,C,Low
1386,Female,20,2.2,83.9,51.2,43.5,60.3,60.7,Yes,Bachelor,Low,No,3.06,Pass,D,Medium
1387,Male,15,3.7,90.4,72.2,58.3,79.0,85.2,Yes,Master,Medium,Yes,2.88,Pass,A,Low
1388,Male,19,4.3,90.9,60.9,49.4,76.8,76.8,Yes,Bachelor,High,No,2.65,Pass,B,Low
1389,Female,19,4.2,83.5,63.4,76.3,70.4,86.3,Yes,Bachelor,Low,No,3.51,Pass,A,Low
1390,Female,16,4.2,96.3,69.5,72.1,53.2,78.3,Yes,Doctorate,Medium,No,2.16,Pass,B,Low
1391,Female,22,1.3,81.6,58.3,50.0,66.4,67.8,Yes,Doctorate,High,Yes,3.09,Pass,C,Low
1392,Male,19,1.9,97.4,55.7,61.5,71.8,75.3,Yes,High School,Medium,Yes,3.01,Pass,B,Low
1393,Male,16,3.3,94.3,63.1,65.3,74.8,82.5,Yes,High School,Medium,Yes,2.83,Pass,B,Low
1394,Female,18,5.8,94.5,87.6,75.6,87.2,99.2,Yes,Bachelor,Medium,Yes,3.27,Pass,A,Low
1395,Male,15,10.0,69.5,60.7,56.2,82.0,88.2,Yes,None,Medium,Yes,2.82,Pass,A,Medium
1396,Female,21,3.8,79.5,68.9,42.0,79.3,75.7,Yes,Bachelor,Low,No,2.48,Pass,B,Low
1397,Female,18,4.8,78.8,69.0,52.2,55.7,79.3,Yes,Bachelor,Low,Yes,2.86,Pass,B,Low
1398,Male,19,1.2,83.3,52.7,45.0,52.8,56.8,Yes,Master,Medium,Yes,1.84,Pass,D,Medium
1399,Female,18,4.8,89.4,75.6,69.4,95.1,88.3,Yes,Master,High,Yes,3.17,Pass,A,Low
1400,Female,18,8.9,78.1,88.1,86.8,89.8,100.0,Yes,Bachelor,Low,Yes,3.32,Pass,A,Low
1401,Male,22,1.9,76.9,53.6,35.1,51.4,60.8,Yes,Bachelor,Low,Yes,2.41,Pass,D,Medium
1402,Female,22,2.2,83.1,46.7,42.1,43.2,55.5,Yes,None,Medium,Yes,2.26,Pass,D,High
1403,Female,22,5.2,79.4,66.2,43.3,75.4,77.4,Yes,Bachelor,High,No,2.43,Pass,B,Low
1404,Female,18,3.3,88.7,72.5,65.4,85.1,80.1,Yes,Master,Low,Yes,2.76,Pass,B,Low
1405,Male,19,1.0,62.6,41.7,42.8,57.1,59.0,Yes,Bachelor,High,No,2.93,Pass,D,Medium
1406,Female,21,2.3,92.5,66.5,72.3,71.5,80.1,Yes,Bachelor,Low,No,3.77,Pass,B,Low
1407,Male,20,6.9,90.5,80.5,75.8,82.0,100.0,No,High School,High,Yes,3.69,Pass,A,Low
1408,Male,18,2.7,86.4,60.8,64.9,66.3,79.6,No,High School,Medium,No,3.3,Pass,B,Low
1409,Female,16,2.7,90.8,60.5,69.5,81.0,77.4,Yes,Master,Medium,Yes,2.87,Pass,B,Low
1410,Male,19,5.0,92.9,67.6,64.5,67.2,84.2,Yes,Bachelor,Medium,Yes,2.24,Pass,B,Low
1411,Male,18,3.9,91.4,69.4,55.0,80.3,82.2,Yes,Bachelor,Medium,Yes,3.81,Pass,B,Low
1412,Female,21,2.6,94.6,46.0,45.7,46.8,63.5,No,High School,Low,Yes,2.65,Pass,D,Medium
1413,Female,20,2.1,86.1,46.5,64.8,53.5,62.1,Yes,Bachelor,Low,Yes,2.97,Pass,D,Medium
1414,Female,22,10.0,85.9,93.7,89.0,88.4,100.0,Yes,Bachelor,Medium,Yes,3.18,Pass,A,Low
1415,Female,19,6.3,79.5,62.5,68.1,75.6,84.4,Yes,Bachelor,High,No,2.84,Pass,B,Low
1416,Male,17,4.2,60.5,79.4,69.2,78.5,82.8,Yes,High School,Medium,No,3.49,Pass,B,Medium
1417,Male,20,4.4,95.5,79.1,70.8,74.9,80.6,Yes,Master,Medium,Yes,3.07,Pass,B,Low
1418,Male,16,3.0,80.3,58.7,64.3,74.2,67.4,Yes,Master,Medium,Yes,3.39,Pass,C,Low
1419,Female,18,3.9,94.2,56.7,53.4,53.9,67.6,Yes,High School,Low,Yes,3.07,Pass,C,Low
1420,Female,21,2.8,84.0,57.3,58.3,66.4,72.3,Yes,Bachelor,High,Yes,2.78,Pass,C,Low
1421,Female,17,1.8,95.0,61.9,52.1,66.1,72.9,No,Bachelor,Medium,No,2.84,Pass,C,Low
1422,Female,21,4.0,81.4,53.0,60.6,75.3,79.0,Yes,Bachelor,Medium,Yes,2.76,Pass,B,Low
1423,Male,17,2.6,92.1,59.8,62.4,48.0,63.7,Yes,Master,Medium,Yes,2.03,Pass,D,Medium
1424,Female,19,4.1,87.2,59.1,42.9,73.2,72.8,Yes,Bachelor,High,No,2.2,Pass,C,Low
1425,Male,17,4.5,82.9,74.9,73.0,75.6,81.2,Yes,Bachelor,High,No,3.24,Pass,B,Low
1426,Female,16,4.2,82.6,68.8,65.9,65.4,79.6,Yes,Bachelor,Medium,Yes,2.04,Pass,B,Low
1427,Male,16,1.7,76.6,45.4,42.0,58.2,55.6,Yes,High School,Medium,No,2.56,Pass,D,Medium
1428,Female,15,2.4,86.9,42.2,47.2,60.1,66.2,Yes,High School,Medium,Yes,2.17,Pass,C,Low
1429,Male,16,2.7,91.4,63.1,53.3,54.8,67.2,Yes,Bachelor,Medium,Yes,2.53,Pass,C,Low
1430,Male,20,5.5,98.3,78.9,60.6,66.3,90.6,Yes,High School,Medium,Yes,2.71,Pass,A,Low
1431,Male,17,5.4,81.2,66.2,59.7,73.2,79.9,No,None,Medium,Yes,2.56,Pass,B,Low
1432,Female,16,2.0,76.2,48.5,68.8,57.0,61.9,Yes,Master,Medium,No,1.94,Pass,D,Medium
1433,Female,19,1.3,71.0,54.5,60.2,63.1,59.6,Yes,Doctorate,Medium,Yes,2.69,Pass,D,Medium
1434,Male,21,10.0,75.0,78.4,70.2,79.7,100.0,Yes,None,Medium,Yes,2.22,Pass,A,Low
1435,Male,22,4.1,86.6,58.6,68.7,73.4,80.4,Yes,Bachelor,Low,Yes,2.42,Pass,B,Low
1436,Female,21,1.2,84.0,61.6,58.2,68.8,71.4,Yes,Master,Medium,Yes,3.24,Pass,C,Low
1437,Male,15,2.2,89.1,64.7,41.6,78.5,74.9,Yes,High School,Medium,No,3.37,Pass,C,Low
1438,Female,21,5.6,75.3,59.7,55.9,63.2,69.6,Yes,High School,Low,Yes,2.01,Pass,C,Low
1439,Female,17,9.3,89.7,92.1,88.3,100.0,100.0,Yes,Master,Medium,Yes,3.74,Pass,A,Low
1440,Male,15,8.4,89.2,76.4,76.8,98.3,98.7,Yes,High School,High,No,2.49,Pass,A,Low
1441,Male,17,4.0,79.7,50.8,50.1,46.5,64.0,Yes,None,Medium,Yes,2.44,Pass,D,Medium
1442,Female,19,3.2,81.0,55.1,57.1,75.6,74.2,No,Bachelor,Medium,Yes,2.27,Pass,C,Low
1443,Male,15,1.6,64.7,57.5,47.5,63.2,62.4,Yes,Master,High,Yes,2.83,Pass,D,Medium
1444,Male,18,3.4,94.7,73.4,62.0,73.2,83.8,Yes,High School,Low,Yes,3.99,Pass,B,Low
1445,Female,20,1.7,82.1,52.7,43.6,47.7,62.0,Yes,Bachelor,High,Yes,1.88,Pass,D,Medium
1446,Female,20,2.5,89.8,39.8,51.5,45.0,53.4,Yes,High School,Low,Yes,1.57,Pass,D,Medium
1447,Female,17,5.2,84.5,71.7,61.1,69.8,74.6,Yes,Master,Low,No,2.96,Pass,C,Low
1448,Female,21,2.8,89.0,63.2,53.9,56.2,67.4,No,High School,Medium,No,3.14,Pass,C,Low
1449,Male,22,2.6,93.3,53.6,52.9,65.9,70.8,Yes,Bachelor,Medium,No,2.83,Pass,C,Low
1450,Male,22,3.1,86.6,58.1,66.6,68.4,77.6,Yes,High School,Medium,No,3.16,Pass,B,Low
1451,Female,18,10.0,89.8,90.4,83.6,80.7,98.2,Yes,High School,Medium,Yes,2.12,Pass,A,Low
1452,Female,15,1.5,94.3,58.8,49.3,59.0,79.1,Yes,Bachelor,High,No,2.23,Pass,B,Low
1453,Male,18,3.8,88.0,51.8,63.4,69.5,75.1,Yes,High School,Medium,Yes,2.87,Pass,B,Low
1454,Female,18,8.0,80.6,72.2,74.1,84.7,96.9,Yes,Master,Medium,Yes,3.85,Pass,A,Low
1455,Male,21,3.1,76.6,53.9,51.1,56.8,61.5,Yes,High School,Low,Yes,3.14,Pass,D,Medium
1456,Female,22,6.2,85.4,67.7,74.0,69.1,79.8,No,Bachelor,Low,Yes,3.16,Pass,B,Low
1457,Male,15,1.2,76.6,52.9,33.1,43.3,45.1,Yes,Bachelor,Medium,No,2.16,Fail,F,High
1458,Male,19,2.8,91.3,57.1,42.9,60.6,74.4,Yes,High School,Low,Yes,3.05,Pass,C,Low
1459,Male,21,1.9,63.8,45.1,52.0,53.2,59.8,Yes,Bachelor,Medium,Yes,2.09,Pass,D,Medium
1460,Male,18,3.1,79.5,64.9,62.5,81.0,79.8,Yes,Master,Medium,Yes,3.86,Pass,B,Low
1461,Male,18,3.1,89.6,50.1,46.4,48.9,57.7,Yes,High School,Low,Yes,2.19,Pass,D,Medium
1462,Female,19,3.3,88.0,64.5,55.9,58.7,68.8,Yes,High School,Medium,Yes,2.32,Pass,C,Low
1463,Female,18,5.2,89.8,63.4,47.7,68.6,80.4,Yes,Bachelor,Low,Yes,1.92,Pass,B,Low
1464,Female,18,1.0,70.7,39.7,50.5,59.9,55.1,Yes,Bachelor,Medium,Yes,2.85,Pass,D,Medium
1465,Female,18,2.2,90.7,66.6,50.1,81.3,71.1,Yes,Bachelor,Medium,No,2.83,Pass,C,Low
1466,Male,20,3.6,77.5,65.7,63.2,73.4,76.9,Yes,Bachelor,Medium,Yes,3.71,Pass,B,Low
1467,Male,21,1.0,90.6,54.5,53.6,60.3,64.9,Yes,Master,Low,Yes,3.27,Pass,D,Medium
1468,Female,16,4.6,82.6,45.1,72.9,60.6,74.2,No,High School,Medium,No,2.33,Pass,C,Low
1469,Male,21,2.1,79.8,60.0,52.3,59.2,58.6,Yes,Bachelor,Low,No,3.32,Pass,D,Medium
1470,Female,19,2.9,86.8,58.8,61.6,65.1,69.7,Yes,Bachelor,Medium,Yes,2.05,Pass,C,Low
1471,Male,18,5.3,91.9,75.0,73.9,76.4,82.3,Yes,Bachelor,Medium,Yes,2.37,Pass,B,Low
1472,Female,21,6.4,83.3,65.8,63.8,62.0,78.8,Yes,None,Medium,No,2.87,Pass,B,Low
1473,Male,20,4.7,73.1,56.5,59.5,74.0,75.5,Yes,Bachelor,High,Yes,2.12,Pass,B,Medium
1474,Female,22,1.4,87.3,66.1,51.9,73.4,67.1,Yes,None,Medium,Yes,3.44,Pass,C,Low
1475,Female,19,4.5,85.0,69.5,69.4,79.2,87.1,No,Bachelor,Low,Yes,4.0,Pass,A,Low
1476,Female,17,4.7,85.1,44.9,35.8,65.8,70.7,No,High School,Low,No,2.62,Pass,C,Low
1477,Male,21,4.2,99.4,64.2,73.5,82.4,85.6,Yes,High School,High,No,2.41,Pass,A,Low
1478,Female,17,7.0,89.7,79.3,98.0,76.2,97.4,Yes,Bachelor,Low,No,2.72,Pass,A,Low
1479,Female,18,3.4,90.8,67.9,56.3,59.3,74.4,Yes,Bachelor,Medium,Yes,2.47,Pass,C,Low
1480,Female,20,6.8,63.1,69.4,67.8,83.6,87.8,Yes,High School,Medium,Yes,2.96,Pass,A,Medium
1481,Female,20,6.8,94.8,86.6,59.0,77.8,85.1,Yes,Bachelor,Medium,Yes,2.01,Pass,A,Low
1482,Female,21,4.8,80.8,72.8,53.8,63.0,82.5,Yes,Bachelor,Medium,No,2.99,Pass,B,Low
1483,Male,19,3.8,91.7,78.2,77.8,84.5,85.4,Yes,High School,Medium,No,3.95,Pass,A,Low
1484,Female,19,4.2,81.7,74.4,49.6,66.8,72.9,Yes,High School,Medium,Yes,1.6,Pass,C,Low
1485,Female,20,7.8,71.1,90.9,71.5,90.9,90.0,Yes,Doctorate,High,No,2.1,Pass,A,Medium
1486,Female,19,5.8,83.8,78.0,71.3,74.9,78.3,Yes,Bachelor,Medium,Yes,2.53,Pass,B,Low
1487,Male,20,1.6,79.8,46.3,60.7,55.4,60.8,Yes,Master,Medium,Yes,3.13,Pass,D,Medium
1488,Male,21,4.0,82.8,68.5,64.9,69.2,78.5,Yes,Bachelor,Medium,No,3.33,Pass,B,Low
1489,Female,16,1.8,88.3,53.2,54.9,48.9,70.3,Yes,Bachelor,Medium,Yes,3.29,Pass,C,Low
1490,Female,20,2.1,95.0,58.5,49.4,46.8,68.6,Yes,High School,High,Yes,1.78,Pass,C,Low
1491,Male,17,2.5,79.2,42.7,32.0,51.5,56.2,Yes,Bachelor,Low,Yes,2.4,Pass,D,Medium
1492,Female,19,1.2,94.2,66.3,51.9,67.5,62.1,Yes,Bachelor,Medium,No,2.26,Pass,D,Medium
1493,Male,20,1.7,97.9,61.2,59.0,59.9,64.3,Yes,Bachelor,High,No,2.76,Pass,D,Medium
1494,Male,20,7.2,72.9,74.2,69.3,69.1,88.0,Yes,High School,Medium,No,2.81,Pass,A,Medium
1495,Male,21,2.1,78.5,43.9,28.1,56.9,57.9,Yes,High School,Low,No,1.98,Pass,D,Medium
1496,Male,19,5.2,90.8,68.1,77.4,81.5,83.2,Yes,Doctorate,Medium,Yes,2.54,Pass,B,Low
1497,Female,16,3.5,87.9,71.1,56.6,78.6,75.0,Yes,Bachelor,High,Yes,3.15,Pass,B,Low
1498,Male,21,4.4,92.9,60.9,58.3,54.7,76.6,No,Bachelor,High,No,2.42,Pass,B,Low
1499,Female,16,4.5,81.0,69.7,70.8,80.4,76.6,Yes,Bachelor,Medium,No,2.68,Pass,B,Low
1500,Female,22,1.7,92.0,56.4,51.7,66.1,69.8,No,Doctorate,Low,No,3.82,Pass,C,Low
1501,Female,21,5.2,92.8,91.2,77.5,91.3,100.0,Yes,Bachelor,High,No,3.99,Pass,A,Low
1502,Female,19,1.3,81.2,53.0,32.4,44.4,43.3,Yes,Bachelor,Medium,No,1.5,Fail,F,High
1503,Male,15,2.0,95.2,50.5,67.4,51.2,70.9,Yes,None,High,Yes,2.87,Pass,C,Low
1504,Female,19,4.5,81.0,81.4,69.7,77.9,97.2,Yes,Master,Medium,Yes,4.0,Pass,A,Low
1505,Female,19,1.6,96.2,46.3,55.5,62.6,67.7,Yes,High School,Low,No,3.09,Pass,C,Low
1506,Male,16,1.0,91.8,50.9,41.0,58.6,61.5,Yes,High School,Medium,No,2.81,Pass,D,Medium
1507,Female,16,3.9,97.2,68.6,76.5,70.4,84.7,Yes,Master,Low,No,3.59,Pass,B,Low
1508,Female,19,1.0,92.3,63.2,48.0,72.4,70.1,Yes,Master,Medium,Yes,2.93,Pass,C,Low
1509,Female,19,4.7,77.2,64.1,46.5,72.9,73.6,Yes,Bachelor,High,Yes,3.23,Pass,C,Low
1510,Female,19,2.6,98.8,73.2,56.5,84.8,75.4,Yes,Bachelor,Medium,No,2.67,Pass,B,Low
1511,Female,16,3.9,91.5,71.9,55.8,78.4,79.2,No,Bachelor,High,No,2.92,Pass,B,Low
1512,Male,19,3.9,95.7,66.1,68.0,69.0,80.9,Yes,Bachelor,Medium,No,3.06,Pass,B,Low
1513,Female,19,4.9,73.0,66.1,87.0,74.3,79.3,Yes,Bachelor,Medium,Yes,3.32,Pass,B,Medium
1514,Female,22,4.6,75.1,68.4,83.8,73.8,74.7,Yes,High School,High,No,2.54,Pass,C,Low
1515,Male,18,1.6,91.4,53.2,49.5,49.1,59.7,Yes,None,Medium,No,2.52,Pass,D,Medium
1516,Male,15,2.7,67.9,54.2,58.3,48.7,52.5,Yes,Master,Medium,No,1.64,Pass,D,Medium
1517,Male,17,3.9,91.4,57.6,48.7,71.3,76.4,No,Bachelor,Medium,Yes,2.57,Pass,B,Low
1518,Female,15,6.9,81.1,81.5,52.4,83.6,76.6,Yes,Bachelor,Medium,Yes,3.37,Pass,B,Low
1519,Female,18,4.6,93.0,70.2,61.0,84.9,80.6,No,High School,Low,No,3.08,Pass,B,Low
1520,Male,17,6.6,88.6,82.8,75.3,78.0,94.9,Yes,Bachelor,High,Yes,2.2,Pass,A,Low
1521,Female,21,4.0,90.5,62.8,61.6,50.5,67.4,Yes,Bachelor,High,Yes,1.66,Pass,C,Low
1522,Male,19,5.8,73.3,58.4,69.8,67.7,78.5,Yes,Bachelor,Medium,Yes,2.71,Pass,B,Medium
1523,Female,18,3.7,97.8,71.4,67.3,84.6,85.5,Yes,Bachelor,Medium,No,3.35,Pass,A,Low
1524,Female,22,5.7,98.1,65.2,65.9,71.0,80.8,No,Bachelor,Medium,Yes,2.51,Pass,B,Low
1525,Female,21,2.6,85.8,53.0,57.9,58.5,68.7,Yes,Master,Medium,Yes,1.93,Pass,C,Low
1526,Male,19,7.3,91.8,88.7,87.1,82.8,94.4,Yes,High School,Medium,No,2.45,Pass,A,Low
1527,Male,16,4.3,77.9,61.7,59.1,83.0,75.5,Yes,Bachelor,High,No,3.0,Pass,B,Low
1528,Male,20,1.2,88.6,61.1,62.5,73.6,75.8,Yes,Master,Medium,Yes,3.55,Pass,B,Low
1529,Male,18,4.0,85.6,65.0,68.6,65.6,68.4,Yes,Bachelor,Low,Yes,2.65,Pass,C,Low
1530,Female,16,4.6,72.0,63.5,68.4,71.9,77.7,Yes,Bachelor,High,No,3.43,Pass,B,Medium
1531,Female,18,5.3,86.1,73.0,62.6,71.2,82.0,Yes,Bachelor,Medium,Yes,3.37,Pass,B,Low
1532,Female,22,8.8,87.7,72.8,70.5,66.2,87.3,Yes,None,High,No,2.09,Pass,A,Low
1533,Female,18,2.3,81.1,67.7,61.7,59.3,70.1,Yes,High School,Low,Yes,3.55,Pass,C,Low
1534,Female,16,8.8,86.8,84.2,74.7,78.4,98.9,Yes,Bachelor,Low,No,2.98,Pass,A,Low
1535,Female,22,3.2,96.0,64.7,48.7,72.1,77.1,Yes,High School,High,No,2.08,Pass,B,Low
1536,Female,17,2.0,94.1,54.3,67.0,63.9,76.1,No,High School,Low,No,3.86,Pass,B,Low
1537,Female,15,2.3,82.3,48.0,60.7,64.5,65.2,Yes,Bachelor,High,Yes,2.72,Pass,C,Low
1538,Male,19,4.4,85.3,49.5,62.2,63.0,71.3,Yes,High School,High,No,1.63,Pass,C,Low
1539,Male,18,1.8,90.2,51.4,47.8,59.4,66.2,No,None,Medium,Yes,2.38,Pass,C,Low
1540,Male,19,2.6,93.5,49.7,53.3,56.0,66.4,Yes,None,Low,No,2.23,Pass,C,Low
1541,Female,20,3.9,91.1,72.2,68.9,90.9,88.0,Yes,Bachelor,Medium,Yes,2.39,Pass,A,Low
1542,Female,16,7.3,91.1,88.9,80.9,87.5,87.7,Yes,Bachelor,High,No,2.53,Pass,A,Low
1543,Male,19,5.2,81.3,69.3,53.5,80.3,80.6,Yes,Bachelor,Medium,Yes,2.65,Pass,B,Low
1544,Female,16,3.3,94.3,78.3,50.7,73.6,79.2,Yes,Master,Medium,No,2.62,Pass,B,Low
1545,Female,19,4.4,99.3,59.8,66.4,78.2,76.0,Yes,Bachelor,Medium,Yes,2.74,Pass,B,Low
1546,Male,15,3.7,90.7,76.5,50.8,74.7,80.9,Yes,High School,Low,Yes,3.15,Pass,B,Low
1547,Male,15,1.4,86.0,48.4,32.0,59.0,61.8,Yes,Master,High,Yes,2.35,Pass,D,Medium
1548,Female,22,8.0,72.5,90.4,87.3,91.3,99.9,Yes,Master,High,Yes,3.51,Pass,A,Medium
1549,Female,15,7.4,88.6,82.0,56.3,73.5,89.3,Yes,Bachelor,High,Yes,2.06,Pass,A,Low
1550,Female,22,3.1,71.6,42.8,59.8,59.3,69.6,Yes,None,Medium,Yes,3.17,Pass,C,Medium
1551,Female,15,2.4,88.6,51.3,61.2,42.6,72.4,Yes,None,Medium,No,3.79,Pass,C,High
1552,Female,15,1.5,73.0,53.2,32.9,47.8,59.9,Yes,Bachelor,Low,Yes,2.69,Pass,D,Medium
1553,Female,15,4.6,95.1,66.0,67.9,66.9,86.3,Yes,Bachelor,Medium,No,2.92,Pass,A,Low
1554,Female,16,4.6,74.6,63.1,69.1,57.0,69.4,Yes,None,Medium,Yes,2.22,Pass,C,Medium
1555,Female,18,1.9,88.5,53.2,42.5,46.6,58.3,No,High School,High,No,2.49,Pass,D,Medium
1556,Male,22,3.7,90.4,64.0,64.2,72.1,71.0,No,Bachelor,High,Yes,3.74,Pass,C,Low
1557,Male,19,5.1,72.0,72.8,84.2,76.4,80.6,Yes,High School,High,No,3.25,Pass,B,Medium
1558,Male,15,2.3,84.7,72.5,47.5,68.9,77.1,Yes,Doctorate,High,No,3.05,Pass,B,Low
1559,Female,16,2.8,98.8,61.1,46.0,58.2,63.8,Yes,Master,High,Yes,1.64,Pass,D,Medium
1560,Female,16,2.8,72.3,50.9,47.2,55.2,62.4,No,High School,Low,No,2.37,Pass,D,Medium
1561,Female,16,1.9,79.5,46.7,66.3,61.4,69.7,Yes,None,High,Yes,3.84,Pass,C,Low
1562,Male,22,2.9,86.8,71.4,58.3,71.2,81.1,Yes,Master,Medium,No,3.05,Pass,B,Low
1563,Male,18,1.0,83.3,61.3,74.4,71.3,63.2,Yes,Doctorate,Medium,Yes,3.12,Pass,D,Medium
1564,Male,22,2.7,97.0,65.4,56.2,60.7,74.4,Yes,High School,Low,Yes,2.9,Pass,C,Low
1565,Male,19,2.7,92.7,57.5,44.9,69.7,70.8,Yes,Bachelor,Medium,Yes,2.43,Pass,C,Low
1566,Female,18,3.1,88.9,68.8,71.4,62.0,72.6,Yes,Bachelor,Medium,No,3.0,Pass,C,Low
1567,Male,17,4.2,69.0,51.2,49.4,57.0,66.6,Yes,Bachelor,Medium,Yes,1.88,Pass,C,Medium
1568,Male,21,1.4,87.4,63.3,50.0,47.8,53.9,Yes,Bachelor,Medium,No,1.84,Pass,D,Medium
1569,Female,16,1.6,92.0,67.2,55.0,81.6,77.0,Yes,Master,High,Yes,2.36,Pass,B,Low
1570,Male,22,1.9,87.2,55.8,53.1,69.1,60.2,Yes,Bachelor,High,Yes,2.92,Pass,D,Medium
1571,Female,17,1.3,79.7,42.4,29.6,39.4,44.9,Yes,Master,Medium,No,1.86,Fail,F,High
1572,Female,20,4.5,87.0,79.8,56.4,81.8,83.0,Yes,High School,Medium,No,2.88,Pass,B,Low
1573,Male,22,2.2,86.8,56.6,52.1,70.2,68.1,Yes,High School,Low,No,2.2,Pass,C,Low
1574,Female,15,3.1,77.8,64.2,55.5,52.7,58.2,Yes,High School,Medium,No,2.28,Pass,D,Medium
1575,Female,21,1.8,93.5,58.8,52.6,59.1,74.3,Yes,Bachelor,Low,No,3.58,Pass,C,Low
1576,Female,15,2.5,80.9,51.9,40.1,58.1,66.2,Yes,Bachelor,High,No,2.82,Pass,C,Low
1577,Male,18,3.8,88.3,61.2,51.6,79.2,82.5,Yes,Master,Medium,Yes,2.26,Pass,B,Low
1578,Female,21,3.9,78.7,55.5,58.2,59.0,73.1,Yes,Bachelor,Low,Yes,2.91,Pass,C,Low
1579,Female,22,1.6,95.9,41.5,47.9,65.7,58.9,Yes,Bachelor,Medium,Yes,1.92,Pass,D,Medium
1580,Male,19,3.0,78.6,60.8,64.0,61.1,66.6,Yes,Bachelor,Medium,Yes,3.03,Pass,C,Low
1581,Male,17,1.8,75.5,55.6,71.6,67.9,68.9,Yes,High School,Medium,Yes,3.46,Pass,C,Low
1582,Female,19,3.0,82.3,60.9,57.8,48.0,76.7,Yes,High School,Low,No,3.2,Pass,B,Low
1583,Female,22,2.1,78.8,78.6,68.9,67.3,78.1,Yes,Bachelor,High,Yes,4.0,Pass,B,Low
1584,Male,18,8.3,95.5,76.9,90.1,78.6,94.5,Yes,Bachelor,Low,No,1.64,Pass,A,Low
1585,Female,15,5.1,79.6,65.4,63.1,75.4,85.7,Yes,Master,Low,No,2.88,Pass,A,Low
1586,Male,21,4.0,98.0,62.4,73.6,70.0,72.9,Yes,Bachelor,Low,Yes,1.99,Pass,C,Low
1587,Male,19,2.7,84.9,60.5,68.5,59.4,72.6,Yes,Master,Medium,Yes,2.7,Pass,C,Low
1588,Male,22,5.2,92.0,71.1,58.8,71.8,84.3,Yes,Bachelor,Low,Yes,2.8,Pass,B,Low
1589,Male,19,3.1,81.7,50.8,59.6,50.4,73.6,Yes,None,Low,No,4.0,Pass,C,Low
1590,Male,22,7.8,95.2,73.0,72.0,90.0,99.5,No,High School,Medium,No,2.76,Pass,A,Low
1591,Male,15,5.4,90.7,70.2,50.4,78.9,82.4,No,Bachelor,Medium,Yes,2.75,Pass,B,Low
1592,Female,21,2.5,81.3,56.3,53.0,67.0,64.8,Yes,Bachelor,Low,No,3.4,Pass,D,Medium
1593,Male,17,7.3,97.4,77.0,55.5,82.9,89.6,Yes,None,Medium,Yes,2.77,Pass,A,Low
1594,Male,15,2.7,82.8,53.3,56.9,61.2,74.8,Yes,High School,Medium,No,3.9,Pass,C,Low
1595,Female,19,8.6,83.5,77.2,76.6,80.9,100.0,Yes,Bachelor,Low,No,3.2,Pass,A,Low
1596,Male,17,7.6,90.5,88.1,78.1,89.2,95.4,Yes,Bachelor,Medium,Yes,3.3,Pass,A,Low
1597,Female,22,3.8,83.3,33.8,42.3,45.2,51.3,Yes,Bachelor,Low,Yes,1.68,Pass,D,Medium
1598,Male,17,1.1,72.1,51.4,50.1,49.2,54.9,No,High School,Low,Yes,3.99,Pass,D,Medium
1599,Male,22,3.6,98.0,52.6,67.6,70.5,72.3,Yes,High School,Medium,Yes,2.41,Pass,C,Low
1600,Male,15,1.5,78.3,59.8,48.7,56.9,66.5,Yes,Bachelor,Low,No,2.79,Pass,C,Low
1601,Male,19,2.2,75.5,43.1,45.5,60.9,65.0,Yes,Bachelor,Low,Yes,2.41,Pass,C,Low
1602,Male,18,2.3,92.1,52.1,56.5,59.2,57.2,Yes,High School,Medium,No,2.19,Pass,D,Medium
1603,Male,19,1.5,88.1,50.4,48.7,59.6,56.1,No,Bachelor,High,Yes,2.08,Pass,D,Medium
1604,Male,22,3.7,86.7,57.9,42.9,62.2,64.6,Yes,High School,Medium,No,2.86,Pass,D,Medium
1605,Male,16,2.0,90.0,64.6,47.6,66.6,61.9,Yes,None,High,No,1.62,Pass,D,Medium
1606,Male,21,2.8,95.1,67.0,62.9,73.7,75.7,Yes,Bachelor,High,No,2.65,Pass,B,Low
1607,Male,20,2.3,91.2,73.4,71.8,65.1,76.1,Yes,Master,High,Yes,3.43,Pass,B,Low
1608,Male,18,4.2,70.2,57.0,57.9,62.0,73.3,Yes,Bachelor,Medium,Yes,3.18,Pass,C,Medium
1609,Female,17,4.1,67.7,56.5,41.5,68.3,61.4,Yes,None,Medium,No,3.06,Pass,D,Medium
1610,Female,18,2.6,94.2,60.8,45.9,65.6,66.6,Yes,Bachelor,Medium,Yes,2.26,Pass,C,Low
1611,Male,21,4.4,99.7,63.9,48.6,49.6,75.4,Yes,Bachelor,Low,Yes,1.85,Pass,B,Low
1612,Female,17,6.3,92.3,78.0,73.0,83.1,99.2,Yes,Bachelor,Medium,Yes,3.43,Pass,A,Low
1613,Female,21,1.0,84.2,49.3,59.3,57.9,68.1,Yes,Master,High,No,2.53,Pass,C,Low
1614,Male,17,2.2,88.4,50.6,34.8,46.8,61.4,No,Bachelor,Medium,No,2.75,Pass,D,Medium
1615,Female,18,1.7,85.9,39.6,39.6,54.5,55.7,Yes,High School,Medium,No,2.68,Pass,D,Medium
1616,Female,17,2.1,89.8,69.1,58.0,64.7,73.8,Yes,High School,Medium,Yes,3.2,Pass,C,Low
1617,Male,17,1.0,90.7,56.2,48.3,49.1,75.2,No,Bachelor,Medium,Yes,3.91,Pass,B,Low
1618,Male,16,1.0,87.0,53.8,53.9,64.7,65.7,No,Bachelor,Medium,No,3.68,Pass,C,Low
1619,Female,19,1.0,86.2,34.7,48.7,50.3,58.8,Yes,High School,Medium,Yes,1.4,Pass,D,Medium
1620,Female,19,2.3,93.8,56.5,50.0,73.7,61.1,Yes,Bachelor,Medium,Yes,2.61,Pass,D,Medium
1621,Male,20,2.3,83.3,66.7,55.9,53.9,66.9,Yes,Bachelor,Medium,No,1.99,Pass,C,Low
1622,Male,20,6.8,83.7,83.6,74.3,83.0,96.7,Yes,Master,High,Yes,3.36,Pass,A,Low
1623,Male,22,3.5,92.4,68.5,49.0,72.9,77.8,Yes,High School,High,Yes,2.8,Pass,B,Low
1624,Male,22,4.3,94.8,70.3,64.4,67.3,83.1,Yes,Bachelor,Low,Yes,3.16,Pass,B,Low
1625,Female,22,10.0,93.7,86.2,99.6,100.0,100.0,Yes,Master,High,Yes,2.56,Pass,A,Low
1626,Male,16,1.0,90.6,57.4,65.0,67.8,68.7,Yes,Bachelor,Medium,Yes,2.18,Pass,C,Low
1627,Male,20,7.9,91.7,78.0,85.5,83.5,94.0,No,High School,Medium,No,2.28,Pass,A,Low
1628,Female,21,3.1,82.1,56.3,43.4,52.7,60.6,Yes,Master,Medium,Yes,1.88,Pass,D,Medium
1629,Male,22,2.4,75.6,51.9,44.0,50.6,52.4,Yes,Bachelor,Medium,Yes,2.04,Pass,D,Medium
1630,Male,22,2.2,67.2,43.7,45.8,46.1,55.7,Yes,Bachelor,Low,No,1.92,Pass,D,Medium
1631,Female,18,3.9,93.0,62.3,54.8,68.7,79.0,No,None,Medium,No,2.18,Pass,B,Low
1632,Female,15,2.5,88.5,42.1,51.2,26.6,61.2,Yes,None,Medium,Yes,2.14,Pass,D,High
1633,Female,21,1.5,83.4,63.4,57.5,59.9,64.1,Yes,Bachelor,Medium,No,3.04,Pass,D,Medium
1634,Female,22,2.3,91.4,59.5,57.0,58.8,62.8,No,High School,Medium,No,3.01,Pass,D,Medium
1635,Male,22,4.0,78.9,61.4,68.5,64.4,76.6,Yes,Bachelor,Medium,Yes,3.04,Pass,B,Low
1636,Male,22,4.7,94.9,71.1,65.0,73.0,80.6,Yes,High School,Medium,Yes,3.5,Pass,B,Low
1637,Female,15,8.4,59.1,65.9,68.6,64.2,84.3,No,High School,High,Yes,2.75,Pass,B,High
1638,Male,15,3.4,82.3,55.0,55.6,68.6,60.8,No,Bachelor,Medium,No,2.33,Pass,D,Medium
1639,Male,16,6.5,98.5,77.6,74.5,91.5,100.0,Yes,None,Low,Yes,4.0,Pass,A,Low
1640,Male,21,2.8,77.0,64.2,51.9,76.0,74.3,Yes,Doctorate,Medium,Yes,3.34,Pass,C,Low
1641,Male,16,3.1,98.5,55.1,73.7,63.4,67.8,Yes,Bachelor,Medium,No,2.89,Pass,C,Low
1642,Male,17,3.0,74.3,61.0,50.0,65.9,69.7,Yes,Bachelor,Medium,Yes,2.85,Pass,C,Medium
1643,Male,15,3.6,80.1,62.3,65.7,64.8,74.3,Yes,High School,Low,No,2.97,Pass,C,Low
1644,Male,18,5.2,82.7,63.9,62.3,66.1,79.7,Yes,High School,Medium,No,2.68,Pass,B,Low
1645,Male,20,2.4,94.1,55.6,51.2,59.1,71.7,Yes,High School,Medium,Yes,2.88,Pass,C,Low
1646,Female,18,1.8,84.1,59.1,62.1,65.8,60.1,Yes,Master,Medium,No,3.1,Pass,D,Medium
1647,Female,20,5.5,72.1,68.1,68.7,68.8,75.7,Yes,High School,Medium,Yes,2.36,Pass,B,Medium
1648,Female,15,5.2,96.5,70.3,76.7,63.4,79.7,Yes,Doctorate,High,Yes,1.82,Pass,B,Low
1649,Female,15,7.0,91.3,73.9,50.6,52.1,75.4,Yes,Bachelor,Medium,Yes,1.55,Pass,B,Low
1650,Female,15,2.2,90.3,49.9,55.1,56.7,66.2,Yes,High School,Medium,No,3.33,Pass,C,Low
1651,Male,16,2.8,89.6,47.3,54.0,31.9,61.1,Yes,High School,Medium,No,1.85,Pass,D,High
1652,Female,21,5.6,95.7,82.1,82.2,79.7,85.7,Yes,Bachelor,High,Yes,3.08,Pass,A,Low
1653,Female,20,2.4,62.7,34.2,36.4,46.5,48.7,Yes,None,Medium,Yes,2.11,Fail,F,High
1654,Female,21,4.6,89.0,68.7,74.5,57.6,75.2,Yes,Master,Low,Yes,2.12,Pass,B,Low
1655,Male,16,2.8,95.9,62.1,58.3,70.3,72.8,Yes,Bachelor,Low,No,2.37,Pass,C,Low
1656,Male,16,3.9,84.5,61.0,43.8,79.5,71.6,Yes,Bachelor,Medium,No,2.92,Pass,C,Low
1657,Male,19,1.4,81.3,44.4,37.6,34.6,58.6,Yes,Bachelor,High,No,2.03,Pass,D,High
1658,Male,18,3.4,87.9,58.3,67.3,70.2,77.8,Yes,None,Low,No,2.43,Pass,B,Low
1659,Female,18,1.0,71.5,45.4,45.4,47.9,63.2,Yes,Master,Low,No,2.78,Pass,D,Medium
1660,Female,17,6.2,80.3,66.3,49.7,73.0,80.3,No,Bachelor,High,Yes,2.07,Pass,B,Low
1661,Male,22,5.0,97.5,81.7,88.9,89.9,100.0,Yes,Bachelor,High,Yes,3.66,Pass,A,Low
1662,Female,16,1.7,89.6,54.6,55.6,51.7,60.5,Yes,Bachelor,Low,No,1.77,Pass,D,Medium
1663,Female,20,8.0,74.6,72.9,78.7,66.9,93.6,Yes,Bachelor,Medium,Yes,2.67,Pass,A,Medium
1664,Male,19,6.0,77.5,85.9,72.8,68.9,90.5,Yes,High School,Medium,Yes,3.56,Pass,A,Low
1665,Male,19,1.5,91.9,52.1,42.1,61.3,60.5,Yes,Bachelor,Medium,No,2.01,Pass,D,Medium
1666,Male,22,2.3,95.4,62.4,58.6,80.0,83.0,Yes,None,High,No,2.73,Pass,B,Low
1667,Male,21,1.5,84.6,61.2,58.6,56.7,60.7,Yes,Bachelor,Low,Yes,2.88,Pass,D,Medium
1668,Male,22,3.9,90.0,57.2,68.0,66.2,71.1,Yes,High School,Low,No,2.32,Pass,C,Low
1669,Male,22,2.2,92.1,52.8,51.9,60.2,78.2,Yes,Doctorate,Low,No,2.75,Pass,B,Low
1670,Male,22,1.0,96.4,55.0,51.3,60.9,69.4,Yes,High School,Low,Yes,3.14,Pass,C,Low
1671,Male,18,3.1,87.3,55.7,63.3,58.9,58.9,Yes,High School,Low,Yes,2.52,Pass,D,Medium
1672,Female,16,5.3,98.5,76.9,91.3,77.4,96.9,Yes,High School,Low,Yes,3.26,Pass,A,Low
1673,Male,17,3.4,93.9,63.9,53.3,72.3,72.7,Yes,Bachelor,Medium,Yes,3.04,Pass,C,Low
1674,Female,16,4.4,73.9,59.7,57.8,58.9,67.4,Yes,Bachelor,Low,No,2.45,Pass,C,Medium
1675,Male,21,3.6,90.8,66.3,57.1,77.9,90.8,Yes,Bachelor,High,Yes,3.48,Pass,A,Low
1676,Female,15,4.9,94.3,65.0,63.8,77.3,87.9,No,Master,Medium,Yes,2.36,Pass,A,Low
1677,Male,22,3.8,90.0,66.4,59.3,64.2,85.3,Yes,Bachelor,Medium,Yes,3.31,Pass,A,Low
1678,Male,16,3.0,84.7,55.7,65.5,59.9,66.2,Yes,Master,Low,Yes,2.37,Pass,C,Low
1679,Female,21,3.4,65.9,60.5,45.9,58.3,63.2,Yes,High School,Low,Yes,2.61,Pass,D,Medium
1680,Female,15,7.2,84.5,75.9,61.8,84.4,90.8,Yes,Master,Medium,No,2.7,Pass,A,Low
1681,Female,15,4.5,84.8,69.0,78.0,76.5,86.8,Yes,Bachelor,Medium,Yes,3.0,Pass,A,Low
1682,Male,22,1.7,89.8,41.8,33.1,39.3,48.7,Yes,Bachelor,Medium,No,1.35,Fail,F,High
1683,Male,17,3.4,84.9,64.8,59.9,67.9,82.7,No,Bachelor,Medium,No,3.07,Pass,B,Low
1684,Female,20,3.9,92.3,72.1,66.2,52.2,77.2,Yes,Bachelor,Medium,Yes,2.74,Pass,B,Low
1685,Female,18,2.9,69.5,67.8,46.3,65.0,74.3,Yes,High School,Medium,No,2.97,Pass,C,Medium
1686,Female,16,1.0,98.5,73.5,58.1,78.7,73.0,Yes,Doctorate,High,No,3.1,Pass,C,Low
1687,Female,15,1.8,92.9,48.5,63.0,57.2,65.5,Yes,High School,Medium,Yes,3.04,Pass,C,Low
1688,Male,16,2.5,97.3,53.0,61.4,58.1,66.6,Yes,High School,High,Yes,1.6,Pass,C,Low
1689,Female,20,8.5,84.4,74.6,71.6,80.3,89.6,Yes,Bachelor,High,No,2.16,Pass,A,Low
1690,Male,18,4.3,92.5,71.0,70.1,73.7,87.1,Yes,Master,Low,No,3.0,Pass,A,Low
1691,Male,20,1.0,90.1,57.1,54.1,52.7,67.7,Yes,High School,Medium,Yes,2.92,Pass,C,Low
1692,Male,18,3.0,84.7,56.0,53.0,58.3,65.4,Yes,None,Medium,Yes,2.33,Pass,C,Low
1693,Female,19,6.6,81.2,63.3,72.4,75.8,89.2,Yes,None,Medium,Yes,3.24,Pass,A,Low
1694,Male,18,2.2,83.7,59.7,49.3,57.9,73.5,Yes,Bachelor,Medium,Yes,2.65,Pass,C,Low
1695,Male,22,5.7,86.7,86.4,76.7,100.0,100.0,Yes,Bachelor,Medium,No,3.33,Pass,A,Low
1696,Female,17,1.1,81.6,39.4,53.1,62.0,65.4,No,Master,Low,Yes,3.53,Pass,C,Low
1697,Male,20,1.0,99.0,52.5,63.4,69.8,75.3,Yes,Bachelor,Low,Yes,2.97,Pass,B,Low
1698,Female,15,6.2,91.8,79.3,80.0,81.9,99.9,No,Bachelor,Low,Yes,3.13,Pass,A,Low
1699,Male,22,2.4,62.5,44.3,36.7,42.0,57.9,Yes,None,Medium,Yes,2.43,Pass,D,High
1700,Male,19,1.0,83.1,58.4,47.6,62.1,64.9,Yes,None,Medium,Yes,3.34,Pass,D,Medium
1701,Female,17,2.5,87.9,55.9,49.7,60.5,71.5,Yes,None,Medium,Yes,2.93,Pass,C,Low
1702,Male,16,3.6,84.9,55.2,57.6,66.4,70.2,No,High School,Medium,Yes,2.62,Pass,C,Low
1703,Male,22,4.2,85.8,64.2,56.5,62.6,71.7,Yes,High School,Low,No,2.07,Pass,C,Low
1704,Male,20,1.0,73.8,38.8,53.8,37.7,53.2,Yes,High School,Low,No,2.51,Pass,D,High
1705,Male,21,2.1,90.3,58.4,47.7,61.8,59.3,Yes,Bachelor,Medium,Yes,2.13,Pass,D,Medium
1706,Female,21,3.3,90.3,60.7,53.3,65.3,75.7,No,Bachelor,Medium,Yes,3.26,Pass,B,Low
1707,Male,15,4.2,79.8,58.4,57.4,55.1,70.1,No,Bachelor,Medium,Yes,3.53,Pass,C,Low
1708,Female,18,1.7,92.0,62.8,66.4,55.6,66.1,No,Bachelor,High,Yes,3.35,Pass,C,Low
1709,Male,15,2.8,85.8,73.7,61.9,82.2,85.9,No,Master,High,Yes,4.0,Pass,A,Low
1710,Female,21,2.2,94.1,62.2,48.0,80.3,71.8,Yes,Master,Low,Yes,2.52,Pass,C,Low
1711,Female,16,3.7,72.0,62.8,53.9,56.1,70.3,Yes,Master,Medium,No,3.16,Pass,C,Medium
1712,Female,19,6.1,98.0,68.4,61.6,79.6,84.0,Yes,High School,Medium,Yes,2.09,Pass,B,Low
1713,Male,19,2.6,76.8,46.6,38.8,56.9,58.1,Yes,High School,Medium,Yes,2.68,Pass,D,Medium
1714,Male,20,1.2,82.5,42.3,31.7,57.4,54.2,Yes,Master,Medium,No,1.91,Pass,D,Medium
1715,Male,19,2.0,80.4,60.7,65.1,75.6,67.4,No,Bachelor,Low,No,3.14,Pass,C,Low
1716,Female,20,7.9,79.8,66.3,78.6,90.3,92.0,Yes,Bachelor,Low,Yes,2.59,Pass,A,Low
1717,Female,22,1.8,88.4,52.6,37.7,50.8,64.5,Yes,High School,Medium,Yes,1.57,Pass,D,Medium
1718,Female,20,1.4,61.3,31.5,39.7,39.5,41.5,No,High School,Medium,Yes,2.39,Fail,F,High
1719,Male,22,2.5,94.3,79.9,66.2,68.0,87.3,Yes,Bachelor,Medium,Yes,3.88,Pass,A,Low
1720,Female,20,3.0,91.1,60.7,51.3,69.2,81.9,Yes,Doctorate,Low,Yes,3.05,Pass,B,Low
1721,Female,21,2.3,77.2,54.4,59.6,62.6,64.9,Yes,None,Medium,Yes,3.26,Pass,D,Medium
1722,Male,21,1.1,77.1,43.2,50.9,52.7,59.0,Yes,Bachelor,Low,Yes,2.88,Pass,D,Medium
1723,Male,18,3.9,88.4,69.2,67.1,84.9,76.8,Yes,Bachelor,Low,No,2.69,Pass,B,Low
1724,Female,22,3.7,92.8,70.5,73.2,82.8,77.6,Yes,Master,Low,No,2.81,Pass,B,Low
1725,Female,17,4.8,84.1,74.8,89.5,64.2,84.2,Yes,Bachelor,Medium,Yes,2.95,Pass,B,Low
1726,Female,22,3.6,77.5,52.0,45.2,59.2,65.6,No,Bachelor,Medium,Yes,2.14,Pass,C,Low
1727,Male,20,7.6,97.5,88.1,73.0,83.0,97.0,Yes,None,Medium,Yes,3.26,Pass,A,Low
1728,Female,20,5.0,73.3,69.7,83.7,92.4,84.4,Yes,Master,Low,Yes,3.47,Pass,B,Medium
1729,Male,17,4.4,89.4,59.2,60.5,46.6,67.7,No,None,Low,Yes,2.68,Pass,C,Low
1730,Male,15,6.2,86.7,63.3,57.5,67.0,83.2,Yes,High School,Low,No,2.49,Pass,B,Low
1731,Male,20,3.5,98.0,75.3,58.8,71.4,81.9,Yes,Bachelor,Medium,No,2.35,Pass,B,Low
1732,Female,18,2.8,86.2,78.4,67.4,83.6,87.0,Yes,Master,Low,No,3.86,Pass,A,Low
1733,Female,19,3.8,96.2,60.9,55.1,66.2,73.0,Yes,High School,Medium,No,2.53,Pass,C,Low
1734,Female,19,1.0,94.5,57.0,41.7,74.9,64.6,Yes,Master,Low,No,3.19,Pass,D,Medium
1735,Male,16,3.5,78.1,57.4,60.0,65.2,75.8,Yes,High School,Low,No,2.69,Pass,B,Low
1736,Female,16,3.0,86.4,65.7,41.4,51.8,72.9,Yes,Master,Low,No,2.65,Pass,C,Low
1737,Male,19,4.1,83.2,52.9,47.2,70.6,68.3,Yes,Bachelor,Low,Yes,2.34,Pass,C,Low
1738,Female,19,5.7,89.1,72.5,59.7,72.4,80.8,Yes,High School,Medium,Yes,2.22,Pass,B,Low
1739,Male,21,4.5,82.1,66.2,84.7,85.9,80.6,Yes,Bachelor,Medium,No,3.24,Pass,B,Low
1740,Male,18,2.0,74.1,46.5,40.4,44.1,56.0,Yes,Bachelor,High,No,2.2,Pass,D,High
1741,Male,17,5.2,97.4,72.5,67.7,65.9,92.7,No,Bachelor,Low,Yes,3.08,Pass,A,Low
1742,Male,16,7.6,85.6,71.7,64.2,71.4,91.7,Yes,Bachelor,Low,Yes,2.85,Pass,A,Low
1743,Female,21,5.8,95.5,65.5,77.3,86.6,100.0,Yes,Doctorate,Medium,Yes,3.25,Pass,A,Low
1744,Female,21,1.3,78.1,51.5,73.6,61.8,62.6,Yes,Bachelor,Medium,No,2.43,Pass,D,Medium
1745,Male,17,4.5,95.4,60.5,75.8,76.7,79.8,Yes,Bachelor,Medium,Yes,3.45,Pass,B,Low
1746,Female,21,1.4,89.4,53.5,48.7,39.1,64.7,Yes,High School,Medium,No,2.72,Pass,D,High
1747,Male,22,2.7,85.8,59.0,46.3,78.1,76.9,Yes,None,Medium,No,4.0,Pass,B,Low
1748,Female,18,4.0,91.1,75.7,59.3,46.2,66.6,Yes,High School,Low,No,1.83,Pass,C,Low
1749,Female,19,3.7,82.5,76.8,58.4,89.8,93.8,Yes,Bachelor,High,Yes,4.0,Pass,A,Low
1750,Female,20,5.7,96.1,80.0,68.9,74.2,85.5,Yes,Master,Medium,Yes,2.72,Pass,A,Low
1751,Male,17,7.7,91.5,91.8,86.3,88.8,96.8,Yes,High School,Medium,Yes,2.93,Pass,A,Low
1752,Female,19,4.3,82.8,63.2,51.7,64.1,74.7,Yes,Bachelor,Medium,Yes,2.44,Pass,C,Low
1753,Female,19,2.5,87.5,48.4,51.4,61.2,57.7,Yes,High School,Medium,Yes,1.86,Pass,D,Medium
1754,Male,15,1.0,88.3,47.1,53.9,56.1,64.5,Yes,Master,Low,No,2.48,Pass,D,Medium
1755,Male,22,6.5,86.5,82.9,66.5,82.1,85.1,Yes,Bachelor,Medium,Yes,2.58,Pass,A,Low
1756,Female,17,3.0,97.7,62.0,53.5,68.7,75.8,Yes,Doctorate,Low,No,2.91,Pass,B,Low
1757,Female,21,3.1,96.0,75.0,72.1,75.3,85.0,Yes,Doctorate,Medium,No,3.47,Pass,A,Low
1758,Female,20,3.3,97.2,73.6,71.5,69.1,81.7,Yes,Bachelor,Medium,Yes,2.91,Pass,B,Low
1759,Female,17,4.1,90.9,67.3,60.1,73.7,74.4,Yes,Master,Medium,No,2.92,Pass,C,Low
1760,Female,21,4.2,85.9,73.7,63.5,64.8,78.0,Yes,Bachelor,Medium,No,3.03,Pass,B,Low
1761,Male,19,2.7,75.2,60.8,43.8,61.3,67.5,Yes,Bachelor,Medium,Yes,1.75,Pass,C,Low
1762,Male,20,3.0,81.3,53.7,51.8,51.2,60.6,Yes,Bachelor,Low,Yes,1.8,Pass,D,Medium
1763,Male,21,2.2,88.6,50.5,60.4,56.5,58.6,Yes,None,Medium,Yes,1.9,Pass,D,Medium
1764,Female,18,2.0,91.9,54.3,58.6,55.4,64.1,Yes,Bachelor,Low,Yes,2.58,Pass,D,Medium
1765,Male,21,2.0,83.9,50.9,43.8,54.3,53.0,No,Bachelor,Medium,No,1.68,Pass,D,Medium
1766,Female,15,3.0,92.6,52.1,66.2,71.9,64.0,No,Bachelor,High,Yes,2.39,Pass,D,Medium
1767,Female,22,1.7,86.3,50.8,32.8,43.4,53.7,Yes,Bachelor,Low,No,1.98,Pass,D,High
1768,Female,19,1.0,85.5,40.1,41.4,45.7,56.5,No,High School,Low,Yes,3.09,Pass,D,Medium
1769,Male,21,2.5,78.4,54.9,47.1,53.4,66.8,Yes,Bachelor,Medium,Yes,3.06,Pass,C,Low
1770,Female,22,1.3,95.5,63.2,55.2,72.5,72.4,Yes,Bachelor,High,No,2.62,Pass,C,Low
1771,Male,16,3.4,83.5,54.5,56.7,50.3,65.4,Yes,Bachelor,Medium,No,1.66,Pass,C,Low
1772,Female,16,2.2,89.1,51.3,60.3,59.3,66.6,Yes,Bachelor,Low,Yes,2.66,Pass,C,Low
1773,Male,22,4.2,77.5,60.2,60.8,55.9,80.1,No,Bachelor,High,Yes,3.0,Pass,B,Low
1774,Male,22,1.4,86.9,63.0,62.4,61.0,66.2,Yes,Doctorate,High,No,3.29,Pass,C,Low
1775,Female,15,1.0,76.1,51.9,43.1,66.7,63.4,No,None,Low,No,3.85,Pass,D,Medium
1776,Male,18,3.0,94.3,79.1,66.4,74.4,89.5,Yes,Bachelor,High,Yes,3.47,Pass,A,Low
1777,Male,19,2.5,93.0,58.7,61.6,60.2,69.5,Yes,High School,Medium,Yes,2.9,Pass,C,Low
1778,Female,17,1.3,79.3,47.1,43.1,48.6,55.9,Yes,None,Medium,Yes,2.63,Pass,D,Medium
1779,Female,15,5.0,79.2,66.9,65.1,75.1,80.1,Yes,Master,Medium,Yes,2.35,Pass,B,Low
1780,Female,18,1.6,99.9,62.9,60.1,76.9,82.1,Yes,Bachelor,High,No,3.61,Pass,B,Low
1781,Female,22,1.9,84.3,55.4,47.7,57.6,65.0,Yes,High School,Medium,No,2.9,Pass,C,Low
1782,Female,17,5.5,91.7,66.2,58.8,74.6,80.4,No,High School,Low,No,3.18,Pass,B,Low
1783,Male,22,4.3,93.8,68.4,65.7,67.2,76.8,Yes,High School,High,Yes,2.45,Pass,B,Low
1784,Male,22,1.5,81.6,50.9,44.2,50.6,58.9,Yes,High School,Low,No,2.06,Pass,D,Medium
1785,Male,16,2.6,96.7,57.2,41.7,61.3,66.6,Yes,None,Medium,Yes,2.56,Pass,C,Low
1786,Female,16,1.4,81.6,52.0,69.0,54.0,61.4,No,Bachelor,Medium,No,2.62,Pass,D,Medium
1787,Female,17,5.3,87.5,73.7,60.3,74.3,79.6,Yes,Bachelor,Low,Yes,2.92,Pass,B,Low
1788,Male,15,5.3,87.9,72.1,63.2,68.8,85.0,Yes,Master,Low,Yes,2.36,Pass,A,Low
1789,Male,16,8.3,83.8,100.0,85.9,99.1,100.0,Yes,Master,High,No,2.81,Pass,A,Low
1790,Female,19,10.0,97.1,100.0,92.8,100.0,100.0,Yes,Doctorate,Medium,Yes,3.51,Pass,A,Low
1791,Male,22,2.1,74.1,49.0,47.4,61.1,61.3,Yes,None,Medium,No,1.8,Pass,D,Medium
1792,Female,20,4.8,86.7,71.7,54.1,69.6,69.1,Yes,Bachelor,Medium,No,1.53,Pass,C,Low
1793,Female,21,1.0,97.6,39.1,48.6,33.6,58.1,No,None,Medium,Yes,3.55,Pass,D,High
1794,Female,17,3.6,81.9,49.5,49.6,72.5,73.6,No,Master,Medium,No,1.92,Pass,C,Low
1795,Male,17,4.1,93.6,59.2,57.5,58.2,72.7,Yes,High School,Low,Yes,2.57,Pass,C,Low
1796,Female,16,1.7,71.2,52.3,57.1,48.2,61.5,No,Bachelor,Medium,Yes,3.17,Pass,D,Medium
1797,Female,15,2.0,75.7,58.6,49.5,57.8,64.2,Yes,Bachelor,High,No,2.76,Pass,D,Medium
1798,Female,22,5.3,90.6,67.0,72.6,71.9,87.5,Yes,None,Medium,No,2.76,Pass,A,Low
1799,Female,19,4.2,78.8,56.9,69.1,58.2,73.3,Yes,Bachelor,Low,Yes,2.84,Pass,C,Low
1800,Female,15,7.7,86.4,96.7,89.3,100.0,100.0,Yes,Bachelor,High,Yes,4.0,Pass,A,Low
1801,Female,18,7.2,86.8,78.7,81.0,83.9,98.7,Yes,High School,Medium,Yes,3.87,Pass,A,Low
1802,Male,18,1.0,97.8,56.6,44.5,53.7,60.1,Yes,Bachelor,Low,No,2.38,Pass,D,Medium
1803,Female,20,2.3,85.3,55.7,63.5,43.2,72.3,Yes,High School,High,No,3.43,Pass,C,High
1804,Female,16,1.6,87.2,63.4,57.4,67.5,69.6,Yes,Bachelor,Medium,Yes,3.1,Pass,C,Low
1805,Male,16,4.9,92.5,67.3,78.1,74.0,81.8,Yes,Master,Low,No,2.79,Pass,B,Low
1806,Female,16,3.8,84.2,60.5,60.0,54.8,64.3,Yes,High School,Low,Yes,2.26,Pass,D,Medium
1807,Female,20,1.6,91.4,55.8,41.2,58.7,67.0,Yes,Bachelor,Medium,Yes,3.07,Pass,C,Low
1808,Female,18,1.8,97.9,42.6,47.7,55.4,60.9,Yes,High School,Medium,No,2.62,Pass,D,Medium
1809,Male,15,6.3,79.1,65.4,53.3,63.1,74.3,No,High School,Low,Yes,2.57,Pass,C,Low
1810,Male,20,2.4,89.0,49.9,57.8,56.0,62.4,Yes,Bachelor,Low,Yes,2.34,Pass,D,Medium
1811,Female,20,1.0,80.6,69.0,51.1,64.6,66.7,Yes,High School,Medium,No,3.4,Pass,C,Low
1812,Female,15,1.5,66.4,54.5,54.5,51.0,60.4,Yes,Bachelor,Medium,Yes,2.34,Pass,D,Medium
1813,Male,16,8.6,83.9,62.4,69.0,59.1,86.0,Yes,High School,Low,Yes,2.34,Pass,A,Low
1814,Female,19,5.6,95.4,74.1,61.3,69.8,85.4,No,High School,Low,No,3.27,Pass,A,Low
1815,Female,15,1.3,89.7,67.4,64.8,57.8,70.6,Yes,Bachelor,Medium,No,2.71,Pass,C,Low
1816,Female,18,3.6,73.1,54.4,36.8,47.1,60.9,Yes,Bachelor,Medium,No,2.73,Pass,D,Medium
1817,Female,17,5.4,94.7,74.2,72.6,85.0,92.2,No,High School,Medium,Yes,3.42,Pass,A,Low
1818,Male,22,1.0,96.5,60.2,57.8,69.0,69.7,Yes,Bachelor,Medium,Yes,3.59,Pass,C,Low
1819,Male,17,5.8,83.7,54.7,49.0,60.4,67.3,Yes,Master,Medium,No,1.52,Pass,C,Low
1820,Male,21,4.1,74.2,76.1,55.6,67.3,75.6,Yes,Master,Medium,Yes,2.72,Pass,B,Medium
1821,Female,21,2.0,82.2,53.4,67.2,68.9,66.9,Yes,High School,High,Yes,1.95,Pass,C,Low
1822,Male,20,4.5,93.3,77.7,71.0,73.0,87.4,Yes,Bachelor,Medium,Yes,2.57,Pass,A,Low
1823,Male,22,3.8,82.1,60.4,59.4,56.6,72.9,Yes,Bachelor,Low,Yes,2.8,Pass,C,Low
1824,Male,17,4.0,92.2,66.1,68.2,73.4,77.3,Yes,High School,Medium,Yes,2.59,Pass,B,Low
1825,Female,19,3.5,95.1,63.1,48.8,65.9,66.7,Yes,Doctorate,Medium,No,2.18,Pass,C,Low
1826,Female,16,1.8,92.5,62.5,56.9,70.4,72.7,Yes,None,Medium,No,2.15,Pass,C,Low
1827,Male,18,2.0,89.6,63.1,73.4,69.8,76.7,Yes,Doctorate,Medium,No,3.24,Pass,B,Low
1828,Male,21,2.8,92.7,82.7,67.0,75.0,87.8,Yes,Master,High,No,3.72,Pass,A,Low
1829,Female,19,3.3,73.6,56.4,63.2,58.9,65.8,Yes,Master,Medium,No,1.56,Pass,C,Medium
1830,Male,18,4.7,73.2,72.2,54.6,73.7,83.8,Yes,Bachelor,Medium,No,2.6,Pass,B,Medium
1831,Male,18,8.7,84.8,92.8,89.0,100.0,100.0,Yes,Bachelor,High,Yes,3.24,Pass,A,Low
1832,Male,16,3.7,88.3,65.4,63.9,69.1,76.7,Yes,Master,Medium,Yes,2.78,Pass,B,Low
1833,Male,22,4.6,89.0,70.2,70.6,67.0,81.3,Yes,Bachelor,Medium,Yes,2.13,Pass,B,Low
1834,Male,20,5.3,92.5,82.7,72.3,77.3,90.7,Yes,Bachelor,High,Yes,2.51,Pass,A,Low
1835,Female,17,4.8,87.7,75.5,68.9,75.2,85.5,Yes,Bachelor,Low,Yes,2.98,Pass,A,Low
1836,Male,16,1.7,73.1,51.7,54.5,65.0,56.4,Yes,Doctorate,Low,Yes,2.62,Pass,D,Medium
1837,Female,19,6.7,92.9,78.2,61.2,90.9,85.5,Yes,High School,High,Yes,2.77,Pass,A,Low
1838,Male,20,6.1,84.5,68.7,79.5,78.4,85.6,Yes,Bachelor,Medium,Yes,2.79,Pass,A,Low
1839,Female,19,3.5,84.1,33.9,37.3,53.8,60.2,No,None,High,Yes,2.49,Pass,D,Medium
1840,Female,20,1.8,71.0,48.3,63.9,57.6,56.4,Yes,Master,Low,Yes,3.29,Pass,D,Medium
1841,Male,22,3.3,78.9,50.9,49.4,57.9,64.8,Yes,None,Medium,No,2.51,Pass,D,Medium
1842,Female,21,1.0,80.8,63.8,42.4,54.8,61.8,Yes,Bachelor,Low,Yes,2.2,Pass,D,Medium
1843,Male,19,7.1,75.4,75.9,73.2,78.5,92.4,No,High School,Medium,No,4.0,Pass,A,Low
1844,Female,16,2.1,75.6,65.5,53.3,70.1,69.8,Yes,Master,Low,No,2.75,Pass,C,Low
1845,Male,20,2.7,93.2,42.9,33.6,61.2,61.0,Yes,High School,Low,No,1.24,Pass,D,Medium
1846,Male,20,6.9,89.7,77.9,72.8,74.1,86.2,No,Bachelor,Low,No,3.55,Pass,A,Low
1847,Male,18,6.4,81.7,82.7,75.5,89.3,97.6,Yes,Bachelor,Medium,No,3.55,Pass,A,Low
1848,Female,18,3.9,81.5,78.8,72.3,67.1,77.2,Yes,High School,Medium,Yes,3.07,Pass,B,Low
1849,Female,15,7.7,91.9,82.4,71.9,100.0,100.0,Yes,Bachelor,Low,No,3.18,Pass,A,Low
1850,Female,19,1.7,80.4,56.6,68.2,80.3,73.3,Yes,Bachelor,Medium,No,4.0,Pass,C,Low
1851,Male,18,3.9,88.6,59.0,59.1,60.2,75.3,Yes,Bachelor,Low,No,2.22,Pass,B,Low
1852,Female,15,1.7,94.3,53.3,54.8,61.4,62.7,No,Master,High,Yes,2.88,Pass,D,Medium
1853,Male,21,5.9,96.6,75.0,82.6,71.2,98.7,Yes,High School,Medium,Yes,3.98,Pass,A,Low
1854,Female,21,5.8,79.4,75.8,62.1,71.8,96.4,Yes,High School,Medium,No,4.0,Pass,A,Low
1855,Male,18,8.0,82.9,84.8,79.2,90.1,90.8,Yes,Bachelor,High,No,2.58,Pass,A,Low
1856,Male,19,3.2,91.9,59.5,71.1,76.1,79.6,Yes,Bachelor,Medium,No,4.0,Pass,B,Low
1857,Male,20,9.3,93.0,94.8,89.5,91.9,100.0,Yes,None,Medium,Yes,3.28,Pass,A,Low
1858,Male,17,1.6,86.7,70.0,45.5,65.2,67.4,Yes,High School,Medium,Yes,3.7,Pass,C,Low
1859,Female,22,3.1,69.6,56.5,57.9,65.7,68.4,Yes,Doctorate,High,Yes,3.26,Pass,C,Medium
1860,Male,19,1.6,85.7,67.3,55.5,63.6,70.0,Yes,Bachelor,Low,Yes,2.98,Pass,C,Low
1861,Female,22,3.6,80.8,77.4,80.3,78.9,83.6,Yes,Bachelor,High,Yes,4.0,Pass,B,Low
1862,Male,16,1.7,93.5,53.6,53.8,64.7,66.9,Yes,High School,High,Yes,2.48,Pass,C,Low
1863,Female,21,5.9,96.9,72.2,76.8,95.4,100.0,Yes,Bachelor,Medium,Yes,3.94,Pass,A,Low
1864,Male,18,4.2,84.4,69.0,77.5,75.5,85.4,Yes,High School,Medium,Yes,4.0,Pass,A,Low
1865,Male,18,1.5,83.3,51.7,48.9,48.4,58.7,Yes,High School,Medium,Yes,3.62,Pass,D,Medium
1866,Female,22,5.1,88.1,61.7,69.1,65.8,83.8,No,Bachelor,Low,No,2.76,Pass,B,Low
1867,Male,20,7.4,93.3,96.1,65.5,93.1,100.0,Yes,Master,Low,No,2.95,Pass,A,Low
1868,Male,22,4.5,85.1,58.6,54.8,58.8,71.5,Yes,Master,High,No,2.04,Pass,C,Low
1869,Female,16,1.2,95.9,45.9,40.2,66.2,58.9,Yes,Bachelor,Medium,Yes,2.53,Pass,D,Medium
1870,Female,20,2.9,78.6,51.2,51.0,52.1,61.5,No,Bachelor,Medium,No,3.17,Pass,D,Medium
1871,Male,16,4.8,88.4,72.9,68.7,65.2,68.2,Yes,Bachelor,Medium,Yes,1.94,Pass,C,Low
1872,Male,17,2.7,95.5,54.4,51.3,46.7,62.9,Yes,None,Medium,No,2.62,Pass,D,Medium
1873,Female,21,1.6,86.5,56.7,45.9,57.8,72.1,Yes,Bachelor,Low,No,3.97,Pass,C,Low
1874,Male,18,6.3,86.3,79.6,63.0,95.9,89.1,Yes,High School,Medium,No,2.71,Pass,A,Low
1875,Male,18,2.7,75.7,59.9,69.5,65.6,68.8,No,High School,Medium,No,3.42,Pass,C,Low
1876,Male,17,7.4,94.0,82.0,68.0,71.6,96.9,Yes,Bachelor,Low,Yes,3.14,Pass,A,Low
1877,Female,15,2.3,92.4,59.1,57.4,72.3,76.5,Yes,Bachelor,High,Yes,2.62,Pass,B,Low
1878,Female,21,2.6,84.0,54.4,69.6,69.9,69.4,Yes,High School,Low,No,2.71,Pass,C,Low
1879,Male,20,2.2,99.2,59.1,57.9,76.4,77.1,Yes,Master,Medium,Yes,2.9,Pass,B,Low
1880,Male,17,2.9,91.2,52.5,40.1,44.7,55.2,No,Master,Low,Yes,1.57,Pass,D,High
1881,Male,20,4.2,86.7,69.7,59.6,84.3,82.2,Yes,Bachelor,Medium,No,3.37,Pass,B,Low
1882,Female,22,1.6,88.3,60.8,46.4,61.4,58.4,Yes,High School,Medium,Yes,2.73,Pass,D,Medium
1883,Male,19,1.4,91.1,65.4,53.4,82.0,76.6,Yes,Bachelor,Medium,No,3.39,Pass,B,Low
1884,Male,18,1.0,82.8,45.4,38.3,50.4,56.7,Yes,None,High,No,3.03,Pass,D,Medium
1885,Female,20,1.0,75.5,50.4,64.9,55.3,58.0,Yes,Doctorate,Low,Yes,2.7,Pass,D,Medium
1886,Male,16,1.2,93.6,66.3,43.6,52.8,64.6,Yes,High School,Medium,Yes,2.92,Pass,D,Medium
1887,Female,20,2.3,87.0,52.3,43.8,69.6,66.9,Yes,High School,Medium,Yes,2.92,Pass,C,Low
1888,Male,19,3.6,80.1,66.6,70.1,68.8,75.7,Yes,Bachelor,High,Yes,3.69,Pass,B,Low
1889,Male,21,4.1,86.1,66.0,61.3,71.5,79.3,Yes,Bachelor,Medium,Yes,2.84,Pass,B,Low
1890,Male,18,3.5,76.7,64.0,54.0,51.8,67.1,No,Bachelor,Low,Yes,2.97,Pass,C,Low
1891,Female,22,7.0,94.3,64.8,62.6,74.8,84.0,Yes,None,Low,Yes,2.04,Pass,B,Low
1892,Female,17,8.2,95.0,80.9,69.2,93.3,93.2,Yes,Bachelor,High,Yes,2.77,Pass,A,Low
1893,Female,22,2.7,92.1,60.4,75.2,67.1,77.6,Yes,High School,High,No,3.67,Pass,B,Low
1894,Male,19,1.7,81.1,63.3,44.4,72.2,67.8,Yes,Doctorate,Medium,No,3.06,Pass,C,Low
1895,Female,18,9.6,84.1,69.4,79.9,83.8,91.9,Yes,High School,Medium,No,2.15,Pass,A,Low
1896,Male,20,6.1,93.6,59.7,67.5,70.7,83.6,Yes,None,Medium,Yes,2.22,Pass,B,Low
1897,Male,21,5.9,92.5,84.7,79.0,96.6,86.0,Yes,Bachelor,High,Yes,2.36,Pass,A,Low
1898,Female,15,2.2,98.0,64.4,58.1,68.9,73.9,No,None,High,No,3.4,Pass,C,Low
1899,Male,21,5.2,88.1,66.7,57.0,74.9,84.1,Yes,High School,High,Yes,3.33,Pass,B,Low
1900,Male,15,3.5,86.4,52.4,61.6,56.7,71.8,Yes,High School,High,Yes,1.0,Pass,C,Low
1901,Male,16,3.1,92.3,66.3,59.2,68.3,69.6,Yes,Bachelor,High,No,2.75,Pass,C,Low
1902,Male,21,3.1,91.2,64.0,69.3,57.1,73.9,Yes,Bachelor,Low,Yes,2.89,Pass,C,Low
1903,Male,18,4.3,94.2,46.7,58.6,77.0,76.9,Yes,Bachelor,High,Yes,2.22,Pass,B,Low
1904,Female,15,7.1,80.6,64.7,62.9,72.3,83.6,Yes,None,Medium,No,2.57,Pass,B,Low
1905,Male,17,10.0,94.6,96.5,99.3,97.5,100.0,Yes,Master,High,No,3.6,Pass,A,Low
1906,Female,18,2.5,63.8,63.6,65.5,62.3,65.9,Yes,Bachelor,Medium,Yes,3.05,Pass,C,Medium
1907,Female,17,3.6,87.6,56.2,53.6,62.1,60.3,Yes,High School,Low,Yes,2.5,Pass,D,Medium
1908,Male,21,3.0,92.4,70.7,52.5,64.3,73.5,Yes,Master,Medium,No,2.69,Pass,C,Low
1909,Male,17,4.1,82.1,66.9,44.0,65.3,66.6,Yes,Master,Medium,No,2.66,Pass,C,Low
1910,Male,15,2.8,83.2,40.0,36.2,43.4,60.1,No,Bachelor,Low,Yes,2.97,Pass,D,High
1911,Female,18,9.1,96.2,75.5,77.8,83.2,93.7,Yes,None,Medium,No,1.94,Pass,A,Low
1912,Male,20,2.1,77.8,70.4,50.9,72.1,66.0,Yes,High School,Medium,No,2.4,Pass,C,Low
1913,Female,19,2.5,88.3,76.5,69.3,70.5,79.9,Yes,High School,Medium,Yes,3.42,Pass,B,Low
1914,Male,15,2.2,78.7,45.0,43.1,66.3,64.0,No,High School,Medium,No,2.76,Pass,D,Medium
1915,Female,15,2.9,87.9,49.8,58.4,66.3,71.6,Yes,Master,Low,No,2.29,Pass,C,Low
1916,Male,20,1.3,84.7,38.7,29.6,54.3,53.0,Yes,Bachelor,High,Yes,2.31,Pass,D,Medium
1917,Male,18,2.3,98.0,55.0,52.2,62.3,70.6,No,Bachelor,Medium,No,3.23,Pass,C,Low
1918,Female,18,4.1,82.9,70.4,59.9,72.4,71.2,Yes,High School,Low,Yes,2.49,Pass,C,Low
1919,Female,22,4.1,76.5,66.1,74.6,72.8,84.8,Yes,High School,Medium,No,3.11,Pass,B,Low
1920,Male,21,3.7,91.1,58.2,52.5,71.6,69.6,Yes,High School,Medium,No,2.42,Pass,C,Low
1921,Female,17,6.8,87.3,79.8,66.8,63.3,86.6,Yes,Bachelor,Low,Yes,2.12,Pass,A,Low
1922,Male,21,4.2,84.2,63.3,77.9,69.1,82.2,Yes,High School,Medium,No,2.95,Pass,B,Low
1923,Female,20,6.6,83.6,69.8,72.5,74.3,87.8,Yes,High School,Medium,No,2.74,Pass,A,Low
1924,Female,21,10.0,89.4,100.0,97.4,100.0,100.0,Yes,Doctorate,Medium,Yes,3.21,Pass,A,Low
1925,Male,20,5.3,81.2,81.3,65.5,80.3,85.9,Yes,Bachelor,Medium,Yes,3.33,Pass,A,Low
1926,Male,18,1.3,91.8,44.5,51.6,31.4,54.9,No,Master,Medium,Yes,2.59,Pass,D,High
1927,Male,17,3.8,90.8,63.9,67.9,67.0,70.3,Yes,High School,Low,No,3.01,Pass,C,Low
1928,Female,21,3.5,91.0,64.4,61.0,50.5,70.5,Yes,Bachelor,High,No,2.57,Pass,C,Low
1929,Female,15,7.4,83.7,94.2,75.7,89.1,100.0,Yes,Bachelor,Low,No,3.18,Pass,A,Low
1930,Male,16,3.0,88.0,56.9,58.8,79.2,74.5,Yes,High School,Medium,Yes,2.94,Pass,C,Low
1931,Male,22,1.9,85.4,36.3,27.8,55.5,55.5,Yes,High School,Low,Yes,2.43,Pass,D,Medium
1932,Female,19,2.4,90.9,57.9,59.7,59.2,63.7,Yes,Doctorate,Medium,Yes,2.38,Pass,D,Medium
1933,Female,15,1.3,64.3,47.4,37.4,45.1,53.6,Yes,None,Medium,Yes,2.96,Pass,D,Medium
1934,Female,18,1.0,87.4,51.2,45.3,62.4,61.8,Yes,High School,Low,Yes,3.5,Pass,D,Medium
1935,Male,19,9.1,85.4,88.1,93.6,97.9,100.0,Yes,Bachelor,Medium,Yes,3.34,Pass,A,Low
1936,Male,16,3.2,80.5,46.8,61.8,57.8,69.6,Yes,None,Low,Yes,2.23,Pass,C,Low
1937,Male,16,1.4,95.9,56.1,38.3,54.0,66.6,Yes,High School,Medium,No,2.3,Pass,C,Low
1938,Female,17,7.8,82.1,67.9,58.3,67.8,77.8,No,Bachelor,Medium,No,2.39,Pass,B,Low
1939,Male,19,8.5,84.1,65.6,68.6,74.0,91.4,Yes,None,Low,No,2.44,Pass,A,Low
1940,Female,17,3.6,84.9,52.7,37.9,55.4,64.6,Yes,None,High,Yes,1.71,Pass,D,Medium
1941,Male,15,1.2,91.6,56.7,64.9,61.5,67.6,Yes,Bachelor,Low,No,3.27,Pass,C,Low
1942,Female,20,2.4,91.4,54.2,50.5,62.2,71.9,No,High School,Low,No,2.53,Pass,C,Low
1943,Female,20,2.8,83.7,49.6,58.2,49.7,67.3,Yes,High School,Medium,No,3.08,Pass,C,Low
1944,Female,20,3.3,86.3,77.2,60.1,78.9,84.3,Yes,Doctorate,Medium,Yes,2.61,Pass,B,Low
1945,Male,19,1.5,95.9,51.3,38.8,58.1,58.2,Yes,None,Medium,Yes,2.79,Pass,D,Medium
1946,Male,20,5.5,90.3,65.1,69.9,72.1,78.8,Yes,Bachelor,Low,Yes,2.39,Pass,B,Low
1947,Male,15,1.0,85.1,57.1,57.2,71.9,67.6,Yes,Master,High,Yes,2.78,Pass,C,Low
1948,Female,17,6.0,86.6,65.9,48.8,68.9,82.7,Yes,Master,Medium,No,2.28,Pass,B,Low
1949,Female,19,6.8,90.4,73.0,75.0,79.4,92.4,Yes,Bachelor,Low,No,2.79,Pass,A,Low
1950,Female,17,2.5,80.9,64.0,48.5,74.8,70.3,Yes,Master,Medium,Yes,3.67,Pass,C,Low
1951,Female,19,3.1,84.6,57.8,73.4,80.8,85.4,Yes,Bachelor,High,Yes,3.11,Pass,A,Low
1952,Female,17,7.2,69.9,74.2,69.0,82.0,86.9,No,Bachelor,Medium,No,2.97,Pass,A,Medium
1953,Male,16,4.7,82.7,72.7,46.7,59.2,68.0,Yes,High School,Low,Yes,2.01,Pass,C,Low
1954,Female,17,2.6,97.0,59.1,67.6,64.6,71.9,Yes,Master,Medium,No,3.14,Pass,C,Low
1955,Male,20,2.8,76.1,62.7,64.8,61.5,65.7,Yes,Bachelor,Low,No,3.2,Pass,C,Low
1956,Male,16,4.3,55.2,63.8,53.0,66.3,60.4,Yes,High School,Medium,Yes,2.96,Pass,D,High
1957,Female,17,8.7,74.3,81.3,97.6,85.7,98.7,Yes,Master,High,No,2.93,Pass,A,Medium
1958,Male,19,2.9,76.5,52.6,81.2,63.9,64.5,Yes,Bachelor,Medium,Yes,2.72,Pass,D,Medium
1959,Male,19,2.6,86.4,68.0,62.7,70.9,76.9,Yes,None,Medium,No,3.19,Pass,B,Low
1960,Female,22,3.3,71.6,72.0,75.9,75.9,84.0,Yes,High School,High,No,3.64,Pass,B,Medium
1961,Male,19,3.3,75.7,64.8,69.7,77.0,78.1,Yes,Bachelor,Medium,No,3.0,Pass,B,Low
1962,Female,18,3.9,93.1,69.0,55.6,56.9,72.7,Yes,High School,Medium,Yes,2.22,Pass,C,Low
1963,Male,15,3.1,92.3,56.3,48.7,53.7,59.9,Yes,None,Low,Yes,2.26,Pass,D,Medium
1964,Male,19,6.2,83.3,67.6,58.7,69.3,86.5,No,High School,Medium,Yes,3.24,Pass,A,Low
1965,Male,16,1.8,73.0,60.2,37.8,55.6,66.3,Yes,Bachelor,Medium,Yes,2.22,Pass,C,Medium
1966,Male,22,4.1,89.6,71.9,64.7,69.8,85.6,Yes,Master,Medium,No,2.92,Pass,A,Low
1967,Female,19,4.2,95.0,75.8,67.2,69.8,75.9,Yes,Bachelor,High,Yes,2.59,Pass,B,Low
1968,Male,18,1.9,95.3,53.8,37.7,63.4,63.3,Yes,None,High,No,2.16,Pass,D,Medium
1969,Female,20,4.1,86.5,76.9,73.4,88.4,86.5,Yes,Doctorate,Medium,Yes,3.3,Pass,A,Low
1970,Male,16,4.3,91.9,66.4,70.0,80.3,82.7,Yes,High School,Medium,Yes,3.22,Pass,B,Low
1971,Female,18,1.0,81.4,35.0,47.4,40.2,50.0,Yes,High School,Medium,No,1.99,Pass,D,High
1972,Female,20,1.7,81.2,49.6,49.9,54.6,71.0,No,High School,Low,Yes,3.09,Pass,C,Low
1973,Female,21,7.6,92.7,69.7,59.1,82.3,91.8,Yes,High School,Medium,No,3.0,Pass,A,Low
1974,Male,21,2.2,92.2,57.3,70.8,75.0,74.5,Yes,Doctorate,Medium,Yes,3.3,Pass,C,Low
1975,Male,16,1.4,84.7,45.1,50.6,49.3,60.7,Yes,None,Medium,No,2.9,Pass,D,Medium
1976,Male,17,1.0,74.9,49.0,48.3,51.6,55.0,Yes,High School,High,No,3.66,Pass,D,Medium
1977,Female,15,1.6,91.9,50.3,43.4,64.9,61.8,Yes,Bachelor,Low,No,2.72,Pass,D,Medium
1978,Male,22,3.0,91.9,58.1,50.2,71.1,76.0,Yes,Bachelor,Medium,Yes,2.64,Pass,B,Low
1979,Female,15,1.3,92.8,58.0,36.8,47.2,59.3,Yes,High School,Medium,Yes,2.22,Pass,D,Medium
1980,Female,18,4.7,66.6,56.5,37.3,57.7,72.6,Yes,Bachelor,Medium,No,2.24,Pass,C,Medium
1981,Male,20,1.9,98.5,51.4,56.4,63.9,67.9,Yes,Bachelor,High,No,2.19,Pass,C,Low
1982,Female,15,3.9,93.1,77.0,47.3,71.0,73.9,Yes,Bachelor,High,Yes,2.93,Pass,C,Low
1983,Male,20,7.0,91.1,79.9,68.5,82.8,85.6,Yes,Bachelor,Low,Yes,2.64,Pass,A,Low
1984,Male,20,6.7,93.9,81.4,79.0,91.6,100.0,Yes,Master,Low,Yes,3.0,Pass,A,Low
1985,Female,18,3.9,93.7,53.8,60.9,58.7,66.1,No,High School,Low,Yes,2.07,Pass,C,Low
1986,Female,18,1.5,94.6,56.5,41.6,72.9,61.9,No,Master,Medium,No,2.29,Pass,D,Medium
1987,Female,18,3.1,79.5,46.4,50.5,60.3,61.5,Yes,Bachelor,Medium,Yes,2.28,Pass,D,Medium
1988,Male,15,3.9,96.9,87.4,77.9,91.4,99.1,Yes,Doctorate,Medium,Yes,4.0,Pass,A,Low
1989,Male,21,10.0,91.2,87.9,79.4,100.0,100.0,No,Bachelor,Medium,No,2.7,Pass,A,Low
1990,Female,18,1.0,85.4,56.2,52.0,59.6,59.8,Yes,Doctorate,Medium,Yes,2.76,Pass,D,Medium
1991,Female,22,3.1,85.4,59.4,51.7,81.0,79.2,Yes,Doctorate,Medium,No,2.75,Pass,B,Low
1992,Female,15,4.6,95.2,71.2,68.0,75.0,91.0,Yes,Bachelor,Medium,No,3.73,Pass,A,Low
1993,Male,18,3.4,83.4,41.4,47.8,56.3,67.8,Yes,Bachelor,Medium,Yes,1.83,Pass,C,Low
1994,Female,19,3.7,90.7,51.0,57.3,49.8,73.7,Yes,None,Low,No,2.76,Pass,C,Low
1995,Male,20,1.9,91.2,49.7,56.5,48.5,64.2,Yes,Master,Medium,Yes,1.83,Pass,D,Medium
1996,Male,22,5.5,85.3,56.4,37.9,45.6,61.0,Yes,None,Medium,Yes,1.37,Pass,D,Medium
1997,Female,18,3.3,95.0,65.9,57.2,75.4,78.8,Yes,Master,Medium,Yes,2.36,Pass,B,Low
1998,Male,16,3.7,97.7,62.4,69.3,72.2,85.2,No,Bachelor,High,Yes,3.05,Pass,A,Low
1999,Female,20,5.8,85.6,67.9,68.2,61.1,86.2,Yes,High School,High,Yes,2.32,Pass,A,Low
2000,Male,20,2.7,93.6,69.7,69.8,72.8,79.4,Yes,High School,High,Yes,3.04,Pass,B,Low
2001,Male,18,6.5,90.5,64.5,72.1,66.2,82.7,Yes,None,Medium,No,2.86,Pass,B,Low
2002,Female,21,1.3,88.9,51.4,59.7,55.0,60.0,Yes,Bachelor,Medium,No,2.72,Pass,D,Medium
2003,Female,17,3.8,99.5,71.9,72.6,89.0,93.3,Yes,High School,Medium,No,3.56,Pass,A,Low
2004,Female,21,1.9,93.9,53.0,42.4,48.8,58.6,Yes,Master,Low,No,2.44,Pass,D,Medium
2005,Female,18,1.5,77.8,62.3,53.1,52.7,63.9,Yes,Master,Medium,Yes,3.03,Pass,D,Medium
2006,Female,20,8.6,95.6,59.4,63.1,63.9,80.4,Yes,High School,Low,Yes,1.72,Pass,B,Low
2007,Female,22,1.4,87.2,57.8,53.3,50.3,62.4,No,High School,Medium,Yes,2.86,Pass,D,Medium
2008,Female,16,3.3,89.1,62.2,71.9,55.4,74.2,Yes,Bachelor,Medium,Yes,2.65,Pass,C,Low
2009,Male,22,1.3,84.8,44.2,57.6,39.6,56.0,Yes,High School,High,No,2.09,Pass,D,High
2010,Male,22,6.3,81.0,86.4,83.4,84.2,96.4,Yes,Master,Medium,Yes,3.04,Pass,A,Low
2011,Male,20,2.5,86.3,54.0,44.5,60.7,58.9,Yes,Bachelor,High,Yes,2.36,Pass,D,Medium
2012,Female,21,5.8,88.1,75.5,88.2,80.2,93.5,Yes,Doctorate,Low,Yes,3.84,Pass,A,Low
2013,Female,16,4.5,96.6,58.6,67.2,74.3,73.8,Yes,Master,Low,Yes,1.34,Pass,C,Low
2014,Male,15,10.0,93.7,97.6,81.4,99.7,100.0,Yes,Bachelor,Medium,Yes,2.95,Pass,A,Low
2015,Female,19,1.1,75.2,52.9,52.4,55.0,56.9,Yes,Bachelor,Medium,Yes,2.83,Pass,D,Medium
2016,Female,20,1.6,85.9,52.0,49.5,50.4,57.2,Yes,Bachelor,Low,No,2.63,Pass,D,Medium
2017,Male,18,5.6,89.8,86.7,58.5,97.3,92.5,Yes,Bachelor,Low,Yes,2.48,Pass,A,Low
2018,Female,15,3.9,78.6,59.7,48.1,55.0,69.9,No,Bachelor,Medium,No,2.84,Pass,C,Low
2019,Female,19,2.8,84.6,78.3,65.6,70.1,82.5,Yes,Master,Medium,Yes,3.44,Pass,B,Low
2020,Male,18,9.1,98.3,76.5,76.6,90.7,99.5,Yes,Bachelor,Medium,Yes,1.8,Pass,A,Low
2021,Female,22,3.2,97.2,55.0,49.4,65.9,71.1,No,Master,Medium,No,2.32,Pass,C,Low
2022,Male,17,1.9,85.5,44.9,51.2,56.7,60.6,Yes,High School,Low,No,2.17,Pass,D,Medium
2023,Female,18,5.8,88.6,61.5,64.3,65.5,80.7,Yes,High School,High,Yes,2.14,Pass,B,Low
2024,Female,16,3.3,86.7,65.7,43.8,53.6,60.8,Yes,None,Low,No,3.01,Pass,D,Medium
2025,Female,16,3.4,87.0,62.8,78.5,54.0,74.5,Yes,Bachelor,Medium,Yes,3.15,Pass,C,Low
2026,Male,17,4.8,84.3,66.9,57.5,88.1,86.2,Yes,Bachelor,Medium,Yes,3.44,Pass,A,Low
2027,Female,15,4.9,86.0,81.7,73.1,84.3,96.0,Yes,Bachelor,High,No,3.16,Pass,A,Low
2028,Female,19,1.6,85.5,53.9,56.2,58.6,61.7,Yes,High School,Medium,No,3.21,Pass,D,Medium
2029,Male,18,2.7,75.9,45.1,43.3,65.4,56.0,Yes,Master,Medium,Yes,1.95,Pass,D,Medium
2030,Female,16,1.2,92.0,61.0,69.5,61.6,63.3,Yes,High School,Medium,Yes,3.69,Pass,D,Medium
2031,Male,15,3.9,79.0,59.0,55.2,63.9,65.4,Yes,Bachelor,Medium,No,2.67,Pass,C,Low
2032,Female,17,8.5,73.9,79.6,71.8,81.9,94.6,Yes,Bachelor,Medium,Yes,3.42,Pass,A,Medium
2033,Male,21,1.7,93.1,38.8,45.8,36.8,50.7,Yes,None,Medium,Yes,1.97,Pass,D,High
2034,Male,20,1.0,90.4,64.7,33.1,76.5,63.9,Yes,Bachelor,High,Yes,2.66,Pass,D,Medium
2035,Male,21,2.1,76.3,57.6,56.1,71.6,70.2,Yes,High School,Low,No,3.37,Pass,C,Low
2036,Female,21,2.8,92.3,66.4,67.5,71.5,78.9,Yes,Bachelor,High,Yes,2.82,Pass,B,Low
2037,Male,16,4.9,93.6,67.5,46.7,80.2,79.8,Yes,High School,High,No,2.35,Pass,B,Low
2038,Female,22,2.6,67.7,59.6,59.0,75.3,72.3,Yes,High School,Medium,No,3.59,Pass,C,Medium
2039,Male,22,4.0,84.3,51.2,38.3,52.7,65.0,Yes,High School,Medium,Yes,2.1,Pass,C,Low
2040,Male,17,2.3,81.6,67.4,57.7,66.9,63.4,Yes,Bachelor,Medium,No,2.79,Pass,D,Medium
2041,Female,18,2.9,89.2,56.5,80.2,66.5,76.7,Yes,High School,High,No,3.18,Pass,B,Low
2042,Female,22,1.9,91.8,71.3,60.8,48.2,72.2,No,Bachelor,Low,Yes,4.0,Pass,C,Low
2043,Male,21,1.5,89.6,43.3,45.3,60.7,61.1,No,None,Medium,Yes,2.52,Pass,D,Medium
2044,Female,22,5.0,82.1,68.3,37.3,71.3,72.9,No,Master,Medium,No,2.63,Pass,C,Low
2045,Female,21,2.4,93.8,49.7,43.7,49.8,61.7,No,High School,High,No,2.53,Pass,D,Medium
2046,Female,19,4.2,90.2,63.1,61.7,68.1,79.3,Yes,High School,Medium,Yes,2.94,Pass,B,Low
2047,Male,16,1.8,81.0,42.4,52.2,65.3,70.8,Yes,Bachelor,Medium,No,3.15,Pass,C,Low
2048,Male,16,3.2,94.9,83.9,71.2,78.0,79.3,Yes,Doctorate,Low,No,3.46,Pass,B,Low
2049,Female,18,1.0,94.1,59.2,58.6,47.2,67.4,Yes,High School,Medium,No,3.25,Pass,C,Low
2050,Male,22,2.5,66.4,63.0,48.5,54.2,66.6,Yes,Master,Low,No,2.5,Pass,C,Medium
2051,Female,22,2.0,95.2,60.9,60.4,80.6,71.9,Yes,Bachelor,High,Yes,3.29,Pass,C,Low
2052,Female,20,6.2,86.4,63.6,61.1,73.7,82.3,Yes,Bachelor,Medium,Yes,2.85,Pass,B,Low
2053,Female,15,1.3,67.6,57.5,42.2,63.3,62.9,Yes,None,Medium,No,3.25,Pass,D,Medium
2054,Female,19,2.9,84.2,55.7,52.3,79.5,82.5,Yes,Master,Medium,Yes,3.28,Pass,B,Low
2055,Female,16,3.9,89.3,70.4,71.5,72.4,92.4,Yes,Doctorate,Medium,No,3.78,Pass,A,Low
2056,Male,19,5.7,92.3,60.2,43.2,74.1,73.7,No,Bachelor,Low,Yes,2.59,Pass,C,Low
2057,Female,16,5.2,94.9,77.3,57.2,67.3,80.3,Yes,Bachelor,Medium,Yes,2.47,Pass,B,Low
2058,Male,19,3.1,82.1,47.9,81.3,58.7,72.2,No,Bachelor,Low,Yes,3.07,Pass,C,Low
2059,Male,17,3.3,97.3,60.1,59.6,77.0,82.4,Yes,Bachelor,Medium,No,3.51,Pass,B,Low
2060,Female,21,6.1,96.7,70.1,82.6,78.4,91.3,Yes,Bachelor,Low,No,2.83,Pass,A,Low
2061,Female,16,3.0,90.6,68.4,60.4,71.7,74.9,Yes,High School,Medium,Yes,3.55,Pass,C,Low
2062,Female,19,3.6,95.0,71.1,65.5,85.2,80.6,Yes,High School,Medium,Yes,3.21,Pass,B,Low
2063,Female,22,6.3,70.6,73.3,68.7,75.3,76.9,Yes,Bachelor,Medium,Yes,2.68,Pass,B,Medium
2064,Male,15,10.0,93.4,100.0,88.1,100.0,100.0,Yes,Master,Low,No,3.14,Pass,A,Low
2065,Male,17,3.7,88.7,57.5,54.5,64.2,65.3,Yes,None,Medium,Yes,2.54,Pass,C,Low
2066,Female,17,4.4,84.9,50.0,55.0,58.3,75.7,No,Bachelor,Medium,No,2.94,Pass,B,Low
2067,Male,15,5.1,88.3,71.4,64.9,63.0,80.6,Yes,Bachelor,Medium,Yes,2.16,Pass,B,Low
2068,Male,19,6.2,66.8,53.2,53.3,75.6,78.3,Yes,High School,Low,Yes,2.76,Pass,B,Medium
2069,Male,22,5.8,85.3,73.7,70.6,89.3,90.2,Yes,None,High,No,3.4,Pass,A,Low
2070,Male,18,2.2,97.1,56.0,54.5,64.6,71.7,Yes,Bachelor,Medium,Yes,3.26,Pass,C,Low
2071,Male,15,3.9,67.3,65.8,46.8,64.0,69.4,Yes,Master,Low,Yes,3.17,Pass,C,Medium
2072,Male,19,5.8,94.1,80.8,87.7,72.2,84.7,Yes,Master,Medium,Yes,2.97,Pass,B,Low
2073,Male,15,7.0,95.0,87.6,66.0,79.1,96.4,Yes,High School,Medium,Yes,2.9,Pass,A,Low
2074,Male,15,2.9,81.4,52.3,59.7,61.9,69.0,Yes,Bachelor,Medium,Yes,2.04,Pass,C,Low
2075,Female,16,3.8,91.8,57.4,55.8,67.8,69.4,Yes,None,Low,Yes,2.68,Pass,C,Low
2076,Male,19,4.1,85.6,62.8,66.4,70.6,73.1,Yes,High School,Low,No,2.91,Pass,C,Low
2077,Male,18,3.3,80.6,42.3,47.3,47.0,60.5,Yes,Bachelor,Low,No,2.13,Pass,D,Medium
2078,Female,21,3.8,88.2,66.6,40.3,53.9,67.5,Yes,None,Medium,No,1.75,Pass,C,Low
2079,Male,16,1.0,81.1,81.0,57.4,71.0,76.4,Yes,Bachelor,Medium,Yes,3.48,Pass,B,Low
2080,Female,15,10.0,86.5,88.0,91.8,100.0,100.0,Yes,Doctorate,Medium,No,2.83,Pass,A,Low
2081,Female,21,2.9,93.3,58.6,44.2,62.1,65.8,Yes,None,High,No,2.93,Pass,C,Low
2082,Male,20,3.0,86.4,63.5,79.2,67.1,76.8,Yes,Master,Low,Yes,3.13,Pass,B,Low
2083,Male,21,1.0,86.1,46.5,47.7,55.0,53.7,Yes,High School,Low,No,2.21,Pass,D,Medium
2084,Female,15,1.0,82.8,60.5,57.6,51.5,57.9,Yes,Bachelor,Medium,No,2.56,Pass,D,Medium
2085,Female,15,4.3,81.7,62.7,72.8,81.0,82.0,Yes,High School,Low,Yes,3.7,Pass,B,Low
2086,Male,22,5.8,94.7,77.8,57.3,81.3,92.5,Yes,Master,Medium,No,2.51,Pass,A,Low
2087,Female,19,5.2,92.7,71.5,66.2,64.3,85.5,No,Master,Medium,Yes,2.64,Pass,A,Low
2088,Male,19,1.8,92.6,66.3,77.7,64.6,72.2,Yes,Bachelor,Low,Yes,2.4,Pass,C,Low
2089,Female,16,5.0,83.5,71.7,71.7,73.2,72.2,Yes,Bachelor,Medium,Yes,2.36,Pass,C,Low
2090,Male,18,3.0,87.0,70.4,61.3,77.7,81.3,Yes,High School,Medium,No,3.46,Pass,B,Low
2091,Female,16,2.5,97.7,67.0,50.7,57.9,67.3,Yes,Master,Medium,Yes,1.31,Pass,C,Low
2092,Female,17,1.2,90.8,66.5,46.3,58.8,61.2,Yes,Master,High,No,2.53,Pass,D,Medium
2093,Female,15,2.0,89.4,61.5,42.9,61.7,70.7,Yes,None,Low,No,2.94,Pass,C,Low
2094,Female,21,4.3,93.7,80.1,72.4,89.0,88.2,Yes,Master,High,No,3.82,Pass,A,Low
2095,Male,20,3.9,91.1,69.8,55.1,59.7,75.9,Yes,Master,Medium,Yes,2.12,Pass,B,Low
2096,Male,15,3.5,90.9,68.0,63.2,66.9,74.8,Yes,Master,High,No,2.02,Pass,C,Low
2097,Male,15,1.0,94.5,50.9,53.7,46.4,53.4,Yes,Bachelor,Low,No,2.28,Pass,D,Medium
2098,Male,16,3.6,93.7,62.8,45.6,61.9,72.4,Yes,Bachelor,Medium,Yes,3.22,Pass,C,Low
2099,Female,20,2.2,95.1,54.7,46.0,55.6,66.9,Yes,None,Medium,No,2.88,Pass,C,Low
2100,Male,20,3.9,90.0,51.3,53.2,68.6,71.1,No,Bachelor,Medium,No,1.93,Pass,C,Low
2101,Male,20,6.3,77.2,79.2,65.3,62.9,86.7,Yes,Bachelor,Medium,No,2.86,Pass,A,Low
2102,Female,16,2.4,92.5,70.9,61.6,73.7,84.0,Yes,High School,Medium,Yes,3.73,Pass,B,Low
2103,Female,15,3.4,89.8,70.4,64.2,67.5,76.5,Yes,High School,High,Yes,2.96,Pass,B,Low
2104,Female,16,9.1,67.0,76.8,63.9,73.3,91.8,No,Bachelor,Medium,Yes,2.9,Pass,A,Medium
2105,Female,19,3.8,84.7,62.8,54.7,74.4,82.5,Yes,High School,Low,Yes,2.93,Pass,B,Low
2106,Male,19,3.2,72.0,56.3,55.7,72.3,66.7,Yes,High School,Medium,No,3.05,Pass,C,Medium
2107,Male,16,1.9,86.7,58.9,61.7,51.8,60.8,Yes,Bachelor,Medium,No,2.04,Pass,D,Medium
2108,Female,20,5.1,85.9,59.4,50.3,65.0,68.3,Yes,High School,Medium,No,2.66,Pass,C,Low
2109,Female,22,1.6,81.1,50.6,62.9,58.1,61.2,Yes,Master,Medium,No,2.69,Pass,D,Medium
2110,Male,15,6.5,74.8,73.4,53.4,70.2,81.1,Yes,Bachelor,High,No,2.51,Pass,B,Medium
2111,Female,16,4.7,95.5,75.3,71.4,67.0,76.1,Yes,Bachelor,Medium,Yes,3.21,Pass,B,Low
2112,Male,16,2.2,78.0,62.1,61.6,59.6,67.9,Yes,High School,Low,No,2.42,Pass,C,Low
2113,Male,16,1.9,84.3,32.0,29.2,40.2,49.6,No,Bachelor,Low,Yes,2.58,Fail,F,High
2114,Female,22,1.9,92.6,44.8,45.6,48.8,58.2,No,Bachelor,High,Yes,2.04,Pass,D,Medium
2115,Female,22,1.0,94.5,56.7,51.4,79.2,66.2,Yes,Master,Medium,No,3.03,Pass,C,Low
2116,Female,17,4.2,93.1,76.0,76.0,74.3,85.7,Yes,Master,High,Yes,3.37,Pass,A,Low
2117,Male,19,1.0,97.8,53.4,29.9,42.7,63.6,Yes,High School,Medium,Yes,2.58,Pass,D,High
2118,Female,21,3.0,73.8,64.8,51.0,63.5,68.6,No,Bachelor,Medium,No,3.28,Pass,C,Medium
2119,Male,20,2.9,92.7,62.5,63.0,70.6,66.0,Yes,High School,Medium,Yes,2.71,Pass,C,Low
2120,Male,18,2.6,68.8,27.4,35.7,32.6,48.6,Yes,None,Low,Yes,1.28,Fail,F,High
2121,Female,22,4.2,86.0,51.2,51.3,52.9,70.7,Yes,None,Medium,Yes,2.77,Pass,C,Low
2122,Female,21,2.2,94.2,50.5,56.2,47.2,64.5,Yes,Bachelor,Medium,Yes,2.69,Pass,D,Medium
2123,Female,22,3.6,80.9,59.3,52.3,68.2,74.2,Yes,Bachelor,Medium,Yes,2.86,Pass,C,Low
2124,Female,20,6.5,92.8,85.5,76.0,89.1,96.2,Yes,Master,High,No,2.95,Pass,A,Low
2125,Female,18,4.5,97.3,61.6,77.5,84.3,90.7,Yes,Master,High,Yes,2.39,Pass,A,Low
2126,Female,17,2.5,76.4,70.8,68.5,69.9,79.3,Yes,Bachelor,High,No,3.68,Pass,B,Low
2127,Male,16,3.2,89.3,65.9,55.6,63.3,71.0,Yes,None,High,Yes,2.76,Pass,C,Low
2128,Male,17,2.6,85.7,71.2,44.2,61.3,75.2,No,Bachelor,Medium,Yes,2.68,Pass,B,Low
2129,Male,22,2.9,99.2,63.4,71.9,70.9,86.9,Yes,Bachelor,Medium,No,3.25,Pass,A,Low
2130,Male,17,3.6,84.6,56.0,73.5,65.3,77.9,Yes,Master,High,No,2.81,Pass,B,Low
2131,Female,21,1.2,74.9,59.7,49.9,53.3,66.4,No,Bachelor,Medium,No,4.0,Pass,C,Medium
2132,Female,15,1.0,91.6,62.2,48.0,64.3,62.5,Yes,Master,Low,No,2.67,Pass,D,Medium
2133,Male,22,1.7,98.4,71.7,58.9,61.5,75.8,Yes,High School,Medium,Yes,3.01,Pass,B,Low
2134,Male,22,4.3,97.6,82.9,68.1,82.3,87.4,Yes,Bachelor,Low,Yes,2.35,Pass,A,Low
2135,Female,21,4.7,76.5,74.0,67.4,74.7,82.1,Yes,High School,Medium,No,3.32,Pass,B,Low
2136,Male,19,5.1,84.0,65.5,58.1,80.3,84.7,Yes,Bachelor,Medium,Yes,2.99,Pass,B,Low
2137,Female,18,1.8,71.3,62.1,45.1,57.6,61.8,Yes,Bachelor,Low,Yes,2.6,Pass,D,Medium
2138,Female,16,3.4,91.5,58.9,55.8,51.8,70.1,Yes,None,High,Yes,2.28,Pass,C,Low
2139,Male,21,2.5,93.3,69.0,62.5,59.5,74.1,Yes,Bachelor,Medium,No,2.01,Pass,C,Low
2140,Female,18,3.0,79.2,64.5,66.2,57.2,65.8,Yes,Master,Medium,Yes,3.05,Pass,C,Low
2141,Female,20,2.5,95.3,49.7,54.8,56.2,60.3,Yes,Bachelor,Medium,Yes,1.97,Pass,D,Medium
2142,Male,18,3.8,89.9,87.9,90.2,85.9,89.0,Yes,Master,High,Yes,3.59,Pass,A,Low
2143,Female,20,2.1,94.3,50.2,41.9,47.7,67.3,No,Bachelor,Medium,No,2.04,Pass,C,Low
2144,Female,21,6.1,78.9,84.5,80.7,76.4,91.1,Yes,Bachelor,Medium,Yes,2.69,Pass,A,Low
2145,Male,22,6.1,78.3,62.3,55.3,75.6,81.4,Yes,High School,High,Yes,2.27,Pass,B,Low
2146,Female,22,4.2,89.9,63.3,62.1,66.4,81.4,Yes,Bachelor,Low,No,2.82,Pass,B,Low
2147,Female,19,5.7,94.1,69.0,71.8,71.5,81.2,Yes,Bachelor,High,No,2.82,Pass,B,Low
2148,Female,21,1.1,85.5,63.5,60.7,66.0,60.7,Yes,Bachelor,Medium,No,3.07,Pass,D,Medium
2149,Female,20,6.3,96.8,45.9,48.9,52.0,71.0,Yes,None,Medium,No,1.88,Pass,C,Low
2150,Female,18,4.0,93.4,68.6,62.6,69.2,80.9,Yes,Doctorate,Low,Yes,2.34,Pass,B,Low
2151,Female,18,2.1,95.9,75.4,58.0,76.8,78.4,Yes,None,Medium,Yes,3.38,Pass,B,Low
2152,Female,20,2.0,98.4,63.8,42.7,60.4,64.7,Yes,Bachelor,Medium,Yes,3.2,Pass,D,Medium
2153,Female,17,7.5,95.5,62.2,60.5,60.6,75.4,Yes,None,High,No,1.3,Pass,B,Low
2154,Female,19,5.1,90.8,83.0,67.8,85.8,85.0,Yes,Master,High,Yes,3.03,Pass,A,Low
2155,Female,15,2.9,72.7,46.5,60.3,56.8,59.5,Yes,High School,High,No,2.18,Pass,D,Medium
2156,Female,22,1.1,98.3,79.1,69.7,62.4,68.2,Yes,Bachelor,Medium,No,2.44,Pass,C,Low
2157,Male,16,6.5,79.5,79.4,64.2,93.6,91.0,Yes,High School,High,Yes,2.66,Pass,A,Low
2158,Female,18,1.5,83.5,52.8,48.7,67.5,66.1,Yes,High School,Medium,Yes,3.73,Pass,C,Low
2159,Female,16,2.5,78.1,55.6,51.9,58.4,65.5,Yes,High School,High,Yes,2.17,Pass,C,Low
2160,Male,15,2.9,85.4,45.9,46.5,37.9,52.9,No,High School,Low,Yes,1.96,Pass,D,High
2161,Female,21,2.0,81.9,48.1,56.9,58.7,66.0,Yes,Master,Medium,Yes,3.07,Pass,C,Low
2162,Male,16,2.8,88.7,61.4,93.6,77.7,80.1,Yes,Bachelor,High,No,2.78,Pass,B,Low
2163,Male,15,3.2,92.7,75.7,67.2,91.2,88.5,Yes,Bachelor,High,Yes,3.52,Pass,A,Low
2164,Female,22,2.8,88.4,70.0,60.9,68.2,76.1,No,Master,Medium,Yes,2.59,Pass,B,Low
2165,Male,20,3.9,80.7,79.8,85.4,77.0,88.8,Yes,Master,Medium,Yes,3.53,Pass,A,Low
2166,Female,17,7.7,95.2,81.8,79.6,80.2,99.8,Yes,None,Low,No,2.81,Pass,A,Low
2167,Female,22,1.2,95.2,56.3,45.8,63.9,69.2,Yes,Bachelor,Medium,No,3.12,Pass,C,Low
2168,Female,18,3.5,74.6,66.7,65.2,77.4,80.5,Yes,Bachelor,Medium,No,3.77,Pass,B,Medium
2169,Male,15,1.5,89.2,59.1,55.7,43.8,59.5,Yes,Bachelor,Low,No,2.7,Pass,D,High
2170,Male,16,1.1,96.1,48.6,50.1,60.0,69.6,Yes,High School,Low,Yes,3.43,Pass,C,Low
2171,Female,18,5.4,85.7,52.2,59.9,53.1,69.1,Yes,High School,Low,Yes,2.43,Pass,C,Low
2172,Female,17,3.7,87.9,60.4,64.7,56.9,72.0,No,Bachelor,Medium,Yes,2.94,Pass,C,Low
2173,Female,20,1.0,89.2,43.7,38.8,59.7,53.1,Yes,None,Low,Yes,1.93,Pass,D,Medium
2174,Male,21,2.8,85.2,53.2,62.8,62.9,65.0,Yes,High School,Medium,No,2.5,Pass,C,Low
2175,Female,18,1.8,90.3,43.6,34.9,42.1,53.4,No,High School,Medium,Yes,2.17,Pass,D,High
2176,Female,21,2.9,91.0,69.0,64.7,67.7,77.3,Yes,High School,Medium,Yes,3.53,Pass,B,Low
2177,Female,15,4.8,98.2,74.1,74.9,87.4,89.7,Yes,Master,Medium,No,3.84,Pass,A,Low
2178,Male,17,4.5,90.4,53.5,45.8,58.9,70.8,Yes,Bachelor,Medium,No,2.59,Pass,C,Low
2179,Female,16,2.5,98.0,66.5,69.2,70.9,76.1,Yes,Bachelor,Medium,No,2.34,Pass,B,Low
2180,Female,17,5.6,81.6,62.4,69.3,66.1,74.6,Yes,High School,Medium,Yes,2.01,Pass,C,Low
2181,Female,17,6.8,89.6,72.4,71.4,76.8,98.8,Yes,Bachelor,Medium,No,2.96,Pass,A,Low
2182,Male,19,4.8,87.3,66.3,50.7,73.8,78.6,No,High School,High,Yes,2.44,Pass,B,Low
2183,Female,17,2.2,92.3,63.5,60.8,62.5,70.5,Yes,Bachelor,Medium,Yes,2.47,Pass,C,Low
2184,Female,17,3.0,83.5,68.5,56.1,62.2,72.4,Yes,High School,Low,No,3.78,Pass,C,Low
2185,Male,22,7.5,97.0,89.5,83.8,93.2,100.0,Yes,Master,Medium,No,2.62,Pass,A,Low
2186,Female,18,2.6,91.0,66.4,56.8,51.0,71.2,Yes,Bachelor,Medium,Yes,3.15,Pass,C,Low
2187,Female,16,4.5,82.1,72.6,48.5,83.0,80.1,Yes,Master,High,Yes,2.83,Pass,B,Low
2188,Male,22,2.0,78.7,48.4,50.4,59.1,65.4,Yes,Bachelor,Medium,Yes,1.99,Pass,C,Low
2189,Male,22,5.6,77.0,72.2,61.3,68.4,69.2,Yes,Bachelor,Medium,Yes,1.69,Pass,C,Low
2190,Female,18,1.8,76.3,48.2,42.6,47.5,57.0,Yes,High School,Low,No,3.09,Pass,D,Medium
2191,Male,18,3.0,80.2,48.1,48.0,60.8,71.8,Yes,Bachelor,Medium,Yes,3.82,Pass,C,Low
2192,Female,15,4.4,94.3,90.9,86.0,82.0,88.3,Yes,Bachelor,Medium,No,2.99,Pass,A,Low
2193,Male,18,8.4,81.1,85.0,76.1,91.0,93.3,Yes,Bachelor,High,No,3.17,Pass,A,Low
2194,Female,19,3.7,90.2,72.1,72.0,66.2,74.9,Yes,Master,High,No,2.26,Pass,C,Low
2195,Male,19,2.7,78.1,56.7,55.7,67.3,75.0,Yes,Master,Medium,Yes,3.41,Pass,B,Low
2196,Female,22,2.6,84.3,83.0,71.1,75.7,78.0,Yes,Master,High,Yes,3.4,Pass,B,Low
2197,Female,21,5.5,85.2,66.8,67.8,73.7,79.6,No,High School,Medium,Yes,2.38,Pass,B,Low
2198,Female,15,4.2,84.5,63.0,61.7,84.8,83.1,Yes,Bachelor,High,Yes,3.13,Pass,B,Low
2199,Female,21,4.7,86.1,43.8,43.2,55.1,61.8,No,High School,High,Yes,1.74,Pass,D,Medium
2200,Male,21,7.2,88.6,77.6,75.2,67.5,88.9,Yes,Bachelor,Low,No,3.23,Pass,A,Low
2201,Female,22,3.3,87.8,64.4,73.5,62.9,71.4,No,Bachelor,Medium,Yes,2.46,Pass,C,Low
2202,Male,20,4.0,93.1,51.1,48.5,68.8,68.3,Yes,High School,Medium,No,2.06,Pass,C,Low
2203,Male,22,2.6,79.9,64.6,54.5,63.7,65.5,Yes,Doctorate,Low,Yes,3.04,Pass,C,Low
2204,Male,16,1.9,91.1,38.9,59.7,33.7,53.2,Yes,Bachelor,Low,No,1.74,Pass,D,High
2205,Male,16,2.2,90.4,63.5,53.2,78.6,78.7,Yes,Bachelor,High,No,3.01,Pass,B,Low
2206,Female,18,1.0,88.7,37.3,40.9,52.2,60.6,Yes,High School,High,Yes,2.12,Pass,D,Medium
2207,Female,18,4.4,78.6,67.3,72.8,65.2,79.4,Yes,Bachelor,Medium,No,1.99,Pass,B,Low
2208,Male,20,4.1,93.9,60.7,75.6,52.9,76.2,Yes,None,High,No,2.84,Pass,B,Low
2209,Male,18,4.3,80.2,69.9,41.3,72.7,81.2,Yes,Bachelor,High,No,2.7,Pass,B,Low
2210,Female,16,1.8,96.7,58.0,63.9,65.1,83.4,No,None,Low,No,3.67,Pass,B,Low
2211,Male,21,2.2,87.8,61.9,51.4,68.7,68.2,Yes,High School,Low,Yes,2.03,Pass,C,Low
2212,Male,22,2.1,88.1,68.8,63.5,65.1,71.2,Yes,Bachelor,Low,Yes,3.63,Pass,C,Low
2213,Male,17,5.9,80.2,69.6,74.4,70.6,86.2,Yes,Master,Low,Yes,2.12,Pass,A,Low
2214,Female,19,3.6,96.3,75.1,60.7,73.5,77.7,Yes,Bachelor,Low,Yes,3.35,Pass,B,Low
2215,Female,17,3.3,82.1,60.1,57.0,77.6,73.2,Yes,High School,Medium,No,3.46,Pass,C,Low
2216,Male,17,5.0,95.1,67.1,66.7,79.8,77.0,Yes,Bachelor,High,No,2.99,Pass,B,Low
2217,Male,16,2.1,80.2,59.7,50.2,54.7,65.5,Yes,Bachelor,High,Yes,2.33,Pass,C,Low
2218,Female,17,4.0,90.6,48.1,55.5,68.4,60.5,No,Master,Medium,No,1.89,Pass,D,Medium
2219,Female,22,9.0,90.1,76.1,86.8,83.5,99.3,Yes,Master,High,No,1.63,Pass,A,Low
2220,Male,20,6.5,82.4,83.2,90.7,99.4,100.0,Yes,Master,Medium,Yes,3.91,Pass,A,Low
2221,Female,15,3.9,64.7,67.9,57.3,69.8,78.4,Yes,Bachelor,High,Yes,2.62,Pass,B,Medium
2222,Male,18,3.4,77.3,46.1,53.4,66.1,60.1,Yes,High School,Medium,Yes,2.14,Pass,D,Medium
2223,Male,15,4.3,82.2,50.0,57.0,59.7,60.6,Yes,Bachelor,Low,No,2.11,Pass,D,Medium
2224,Female,21,7.0,97.6,76.7,84.1,100.0,97.6,Yes,Master,High,No,2.9,Pass,A,Low
2225,Male,22,6.7,91.0,71.8,64.4,77.9,90.9,Yes,None,Medium,Yes,2.56,Pass,A,Low
2226,Female,22,7.6,84.9,68.7,68.8,75.7,89.6,Yes,High School,Medium,Yes,1.65,Pass,A,Low
2227,Male,19,3.7,95.1,75.7,49.6,70.6,82.8,Yes,Bachelor,Medium,No,3.32,Pass,B,Low
2228,Male,22,1.0,90.6,46.8,63.7,60.2,67.2,No,Bachelor,Medium,No,3.0,Pass,C,Low
2229,Female,18,8.6,84.2,87.6,98.1,98.7,100.0,Yes,High School,High,No,3.9,Pass,A,Low
2230,Male,22,1.9,84.5,71.0,65.9,73.5,74.4,Yes,Bachelor,Low,No,3.48,Pass,C,Low
2231,Female,17,4.9,85.1,67.9,68.0,68.4,70.5,Yes,Bachelor,High,Yes,1.0,Pass,C,Low
2232,Male,19,1.0,90.4,51.9,52.1,55.6,60.7,Yes,High School,Low,Yes,3.65,Pass,D,Medium
2233,Male,18,3.3,70.6,64.3,54.8,70.2,75.1,Yes,Master,Medium,Yes,3.52,Pass,B,Medium
2234,Male,20,2.6,93.7,70.8,45.5,57.7,68.2,Yes,Master,Low,No,2.36,Pass,C,Low
2235,Female,20,7.6,90.5,69.3,80.1,84.8,96.4,Yes,None,Medium,Yes,2.54,Pass,A,Low
2236,Male,20,4.0,86.9,56.0,57.5,67.6,73.0,Yes,High School,Low,No,3.05,Pass,C,Low
2237,Female,20,3.2,85.1,53.8,50.6,50.5,66.2,Yes,Bachelor,Medium,Yes,2.19,Pass,C,Low
2238,Male,17,4.2,85.1,61.6,60.2,57.8,71.1,Yes,Bachelor,Low,No,2.65,Pass,C,Low
2239,Female,22,1.0,84.7,47.3,48.7,46.9,59.2,Yes,Bachelor,Low,Yes,3.4,Pass,D,Medium
2240,Male,15,2.1,81.7,54.7,48.1,48.0,62.4,No,Bachelor,Medium,Yes,3.11,Pass,D,Medium
2241,Female,18,2.3,74.9,48.5,30.0,44.1,47.6,Yes,Master,Low,No,2.4,Fail,F,High
2242,Female,17,4.6,95.3,62.1,60.0,69.4,80.7,Yes,High School,Low,Yes,3.41,Pass,B,Low
2243,Female,20,1.6,90.2,45.5,52.4,48.8,63.9,Yes,None,Low,No,2.98,Pass,D,Medium
2244,Female,21,3.6,90.0,65.8,62.7,78.0,75.5,Yes,Master,Medium,No,2.96,Pass,B,Low
2245,Female,22,3.0,93.2,64.2,48.8,65.4,79.0,Yes,Master,Medium,Yes,2.49,Pass,B,Low
2246,Female,15,2.2,83.6,54.7,61.8,58.6,66.9,Yes,Master,Low,No,2.8,Pass,C,Low
2247,Male,21,2.3,87.5,50.5,50.9,69.8,64.1,Yes,Bachelor,Low,No,2.34,Pass,D,Medium
2248,Male,19,3.0,78.8,56.0,48.7,46.7,56.6,Yes,Master,Medium,Yes,1.64,Pass,D,Medium
2249,Female,21,1.0,79.2,47.5,44.6,59.1,64.0,Yes,Bachelor,Medium,No,2.63,Pass,D,Medium
2250,Female,19,5.0,88.2,61.2,65.3,74.5,77.1,Yes,Doctorate,High,Yes,2.73,Pass,B,Low
2251,Female,19,1.9,92.2,63.9,62.7,54.0,70.1,Yes,High School,Medium,Yes,2.88,Pass,C,Low
2252,Male,20,2.7,79.7,70.9,67.9,79.1,82.7,Yes,High School,Medium,No,3.53,Pass,B,Low
2253,Male,19,7.5,99.6,83.1,68.2,91.6,99.1,Yes,Bachelor,Medium,Yes,2.41,Pass,A,Low
2254,Male,16,5.0,97.6,79.5,73.1,78.0,85.2,Yes,Bachelor,Medium,Yes,2.58,Pass,A,Low
2255,Female,18,1.4,83.2,55.1,50.2,62.7,69.1,Yes,Bachelor,High,Yes,3.26,Pass,C,Low
2256,Male,18,1.0,92.3,57.8,57.8,65.7,66.5,Yes,Bachelor,Medium,Yes,2.35,Pass,C,Low
2257,Male,20,4.3,88.4,67.0,71.9,79.7,75.8,Yes,Doctorate,Medium,No,2.89,Pass,B,Low
2258,Female,16,2.8,80.8,52.4,52.9,63.4,71.3,Yes,Bachelor,Medium,No,2.56,Pass,C,Low
2259,Male,21,3.6,82.2,68.9,65.4,78.2,75.4,No,Bachelor,Medium,No,2.65,Pass,B,Low
2260,Female,17,4.9,90.8,59.8,41.9,64.1,75.4,No,High School,Medium,No,3.25,Pass,B,Low
2261,Male,21,5.4,91.1,79.3,84.0,81.1,90.7,Yes,Bachelor,Medium,Yes,2.58,Pass,A,Low
2262,Female,22,2.5,82.7,55.3,50.8,56.9,65.0,No,Bachelor,Low,Yes,3.27,Pass,C,Low
2263,Male,17,3.0,88.2,47.7,50.9,43.7,62.0,Yes,Master,Medium,Yes,1.63,Pass,D,High
2264,Male,19,4.0,96.3,55.6,54.9,68.5,68.1,Yes,High School,High,No,1.94,Pass,C,Low
2265,Male,15,4.2,86.7,56.0,43.5,48.0,60.2,No,High School,High,Yes,1.41,Pass,D,Medium
2266,Male,17,3.6,88.3,42.0,50.3,60.6,70.0,Yes,Bachelor,Medium,Yes,2.1,Pass,C,Low
2267,Male,15,7.0,84.6,84.1,69.7,83.1,96.3,Yes,Bachelor,Low,No,3.91,Pass,A,Low
2268,Male,18,4.2,93.0,50.7,65.7,59.8,69.6,Yes,Bachelor,Low,No,2.79,Pass,C,Low
2269,Female,15,4.9,83.4,66.1,47.0,77.6,77.2,Yes,Master,Medium,Yes,2.37,Pass,B,Low
2270,Male,18,3.8,68.5,41.3,47.2,56.2,65.6,Yes,Bachelor,High,Yes,3.27,Pass,C,Medium
2271,Female,16,1.6,96.9,66.8,57.1,70.3,68.3,Yes,Bachelor,Medium,No,3.35,Pass,C,Low
2272,Female,16,2.1,80.9,39.3,53.1,49.5,63.5,Yes,Bachelor,Low,No,2.07,Pass,D,Medium
2273,Female,20,1.4,73.5,61.7,66.6,63.1,77.5,Yes,High School,High,Yes,4.0,Pass,B,Medium
2274,Male,20,5.7,89.7,69.6,51.9,79.5,84.6,Yes,Master,High,Yes,2.97,Pass,B,Low
2275,Male,19,1.0,76.3,35.9,44.0,60.1,56.4,No,Bachelor,Medium,No,3.04,Pass,D,Medium
2276,Male,17,2.9,96.0,69.4,70.8,87.3,83.7,Yes,Bachelor,Medium,No,3.1,Pass,B,Low
2277,Male,19,2.5,85.5,69.1,79.2,67.3,80.3,Yes,Master,Medium,No,3.1,Pass,B,Low
2278,Female,18,2.5,96.0,53.8,46.9,57.2,67.9,Yes,High School,Medium,Yes,2.43,Pass,C,Low
2279,Male,19,2.6,73.7,60.4,49.6,68.2,72.8,Yes,Doctorate,High,No,4.0,Pass,C,Medium
2280,Female,15,7.7,85.6,79.8,77.4,88.9,100.0,Yes,Bachelor,Low,Yes,2.63,Pass,A,Low
2281,Female,18,1.0,93.1,59.4,56.0,75.6,76.6,Yes,Bachelor,Medium,Yes,3.37,Pass,B,Low
2282,Female,20,6.5,88.5,77.7,72.5,80.8,85.5,Yes,Doctorate,Medium,No,2.52,Pass,A,Low
2283,Female,16,2.8,76.5,66.0,60.5,65.5,72.9,No,Master,High,Yes,2.41,Pass,C,Low
2284,Male,20,5.2,90.2,76.3,76.7,75.7,95.1,Yes,Bachelor,High,No,3.94,Pass,A,Low
2285,Male,17,3.4,94.6,67.7,66.6,84.5,82.7,Yes,Master,High,Yes,2.73,Pass,B,Low
2286,Female,18,1.5,78.3,46.2,60.3,49.8,62.3,Yes,Bachelor,Medium,No,2.78,Pass,D,Medium
2287,Male,18,6.9,85.8,79.0,69.7,62.4,85.4,Yes,Bachelor,High,Yes,2.97,Pass,A,Low
2288,Male,15,6.3,78.4,77.4,60.5,63.1,80.9,Yes,High School,Medium,No,4.0,Pass,B,Low
2289,Male,17,1.6,91.5,64.3,64.0,71.5,84.2,Yes,High School,Medium,Yes,4.0,Pass,B,Low
2290,Male,16,4.5,90.6,83.2,65.2,75.9,81.9,Yes,Master,Low,No,3.57,Pass,B,Low
2291,Male,21,2.2,88.7,61.2,48.6,65.1,79.8,Yes,High School,High,No,4.0,Pass,B,Low
2292,Male,18,1.1,90.3,49.6,40.4,42.4,54.9,Yes,High School,High,Yes,2.23,Pass,D,High
2293,Female,18,1.9,84.8,53.3,45.1,64.2,71.3,Yes,Master,Low,Yes,3.19,Pass,C,Low
2294,Female,15,6.6,82.7,68.8,73.2,75.7,86.8,No,High School,Low,Yes,2.85,Pass,A,Low
2295,Female,19,5.3,91.1,65.0,64.9,73.8,82.5,Yes,High School,High,No,1.74,Pass,B,Low
2296,Male,22,2.7,82.6,66.3,63.2,59.8,73.5,Yes,Bachelor,Medium,Yes,3.08,Pass,C,Low
2297,Male,16,6.7,93.4,70.4,75.1,86.0,88.4,Yes,Bachelor,High,Yes,2.51,Pass,A,Low
2298,Male,20,6.0,94.4,85.5,77.3,86.0,97.6,Yes,Master,Low,Yes,3.72,Pass,A,Low
2299,Female,17,1.9,90.5,46.5,52.9,49.5,60.8,Yes,Bachelor,Low,No,2.56,Pass,D,Medium
2300,Female,18,7.6,87.9,70.9,61.3,69.8,88.8,Yes,Bachelor,Medium,Yes,2.53,Pass,A,Low
2301,Male,18,2.5,75.2,73.0,67.7,75.8,78.6,Yes,Master,Low,Yes,3.72,Pass,B,Low
2302,Female,20,2.7,74.6,46.3,42.6,67.4,65.0,Yes,Bachelor,Low,No,2.76,Pass,C,Medium
2303,Male,16,1.0,87.7,57.7,59.3,54.1,62.1,No,Bachelor,Low,No,3.5,Pass,D,Medium
2304,Female,22,2.2,83.8,57.9,58.6,58.0,62.7,Yes,Doctorate,Low,Yes,3.05,Pass,D,Medium
2305,Female,19,2.9,94.8,68.8,65.9,62.1,76.4,Yes,Bachelor,Low,No,3.06,Pass,B,Low
2306,Female,18,3.8,96.1,62.4,63.6,74.9,79.5,Yes,Bachelor,High,No,2.65,Pass,B,Low
2307,Female,22,1.5,98.6,55.0,60.2,54.5,63.8,No,High School,Low,Yes,3.1,Pass,D,Medium
2308,Female,16,2.0,96.8,63.9,57.7,64.6,73.8,Yes,Bachelor,Medium,Yes,2.72,Pass,C,Low
2309,Male,20,7.7,72.8,75.7,59.8,72.0,86.5,Yes,High School,High,No,2.32,Pass,A,Medium
2310,Female,15,5.8,81.0,73.6,68.8,76.5,85.1,Yes,Bachelor,Medium,Yes,2.74,Pass,A,Low
2311,Male,19,6.4,94.4,95.7,82.0,98.2,100.0,Yes,Master,Medium,Yes,3.57,Pass,A,Low
2312,Female,17,3.1,78.3,63.3,57.9,63.5,66.5,Yes,Bachelor,Medium,Yes,3.12,Pass,C,Low
2313,Female,18,3.9,85.4,59.7,65.8,64.6,71.1,Yes,High School,High,No,3.26,Pass,C,Low
2314,Female,16,4.6,85.8,74.2,56.7,74.5,82.0,Yes,Master,High,No,2.8,Pass,B,Low
2315,Male,15,7.6,81.8,55.6,56.5,67.4,74.2,Yes,High School,Medium,No,1.64,Pass,C,Low
2316,Female,17,1.1,89.6,46.7,39.9,56.1,54.2,Yes,Master,High,Yes,2.07,Pass,D,Medium
2317,Female,21,2.3,82.5,55.9,60.1,45.3,64.1,Yes,Bachelor,Medium,No,2.63,Pass,D,Medium
2318,Female,16,3.7,79.3,46.9,45.0,68.3,73.9,Yes,High School,Low,No,2.12,Pass,C,Low
2319,Male,16,3.4,71.4,63.2,37.1,44.9,59.3,Yes,None,High,Yes,2.49,Pass,D,High
2320,Male,17,1.9,87.7,59.9,55.5,66.6,76.1,Yes,High School,Medium,No,2.46,Pass,B,Low
2321,Male,15,4.3,91.6,64.9,56.5,67.9,75.9,Yes,None,High,Yes,2.48,Pass,B,Low
2322,Male,21,2.4,63.8,59.2,56.6,57.6,68.6,No,High School,Low,No,3.66,Pass,C,Medium
2323,Female,22,3.2,82.0,62.4,61.1,72.7,77.8,Yes,High School,Medium,Yes,2.77,Pass,B,Low
2324,Male,22,4.2,92.2,69.8,66.7,83.7,89.7,No,High School,High,No,3.36,Pass,A,Low
2325,Female,20,2.4,77.3,41.7,36.9,60.2,61.9,No,High School,Low,No,2.9,Pass,D,Medium
2326,Male,15,5.0,93.5,77.7,67.4,84.5,89.8,Yes,Master,High,No,3.65,Pass,A,Low
2327,Male,19,5.5,93.5,68.1,53.6,73.7,87.8,No,Bachelor,High,Yes,3.41,Pass,A,Low
2328,Female,18,2.0,92.3,66.0,57.5,71.8,73.5,Yes,Master,High,Yes,2.45,Pass,C,Low
2329,Female,17,2.3,92.9,68.4,58.7,75.1,77.8,Yes,High School,Medium,Yes,3.98,Pass,B,Low
2330,Female,20,1.7,87.5,46.8,51.4,61.6,68.7,Yes,Bachelor,Medium,No,2.53,Pass,C,Low
2331,Female,21,3.2,93.5,70.7,63.1,69.0,79.6,Yes,Bachelor,High,No,2.92,Pass,B,Low
2332,Female,17,3.8,74.3,68.4,72.0,61.1,71.7,Yes,Bachelor,Medium,Yes,3.03,Pass,C,Medium
2333,Male,17,2.6,90.2,74.0,65.9,59.2,71.4,Yes,Bachelor,Medium,Yes,3.09,Pass,C,Low
2334,Female,15,3.8,83.8,59.0,62.5,74.1,85.3,Yes,Bachelor,High,No,3.28,Pass,A,Low
2335,Female,18,2.3,78.1,52.3,34.9,52.0,56.3,Yes,High School,Medium,Yes,2.35,Pass,D,Medium
2336,Female,19,2.4,70.4,57.9,60.4,66.0,71.5,Yes,Master,High,Yes,3.23,Pass,C,Medium
2337,Male,22,4.0,74.7,77.6,69.1,57.1,77.6,Yes,Master,Low,Yes,3.15,Pass,B,Medium
2338,Female,16,2.5,73.8,49.2,49.3,52.6,64.1,Yes,Bachelor,Low,Yes,2.8,Pass,D,Medium
2339,Male,16,3.1,89.8,55.1,45.5,51.1,73.4,No,High School,Medium,No,2.69,Pass,C,Low
2340,Male,17,4.0,87.6,65.8,62.1,70.2,79.7,Yes,High School,Medium,No,2.32,Pass,B,Low
2341,Male,22,3.7,96.0,74.5,68.9,82.4,88.4,Yes,Bachelor,Medium,No,3.09,Pass,A,Low
2342,Male,22,2.3,87.7,49.7,40.6,49.8,59.4,No,High School,Low,Yes,2.4,Pass,D,Medium
2343,Female,18,5.9,93.4,71.1,71.3,85.0,87.2,Yes,High School,High,No,2.94,Pass,A,Low
2344,Female,21,1.0,81.2,72.0,42.7,62.3,74.4,Yes,Master,Medium,Yes,2.74,Pass,C,Low
2345,Female,21,1.0,93.6,57.7,45.5,54.3,60.0,Yes,Bachelor,Medium,Yes,2.0,Pass,D,Medium
2346,Male,20,4.5,88.1,63.0,53.5,69.0,74.2,Yes,Bachelor,Low,No,2.24,Pass,C,Low
2347,Male,15,3.7,82.5,71.4,64.5,70.2,79.1,No,High School,Medium,Yes,3.04,Pass,B,Low
2348,Male,18,1.5,93.8,54.0,52.0,54.6,64.2,Yes,None,Low,Yes,2.49,Pass,D,Medium
2349,Female,18,3.4,83.6,51.8,52.4,48.7,70.6,Yes,High School,Low,No,2.46,Pass,C,Low
2350,Male,15,2.1,92.8,59.7,58.8,68.6,72.1,Yes,Master,Medium,Yes,2.34,Pass,C,Low
2351,Female,22,4.3,78.3,50.4,43.1,59.4,60.8,Yes,None,Low,No,2.36,Pass,D,Medium
2352,Female,21,1.0,97.8,78.8,61.5,73.3,76.0,Yes,Master,Low,No,3.79,Pass,B,Low
2353,Male,21,2.7,75.5,39.1,45.0,33.7,52.3,No,None,Medium,Yes,2.13,Pass,D,High
2354,Female,22,2.3,81.1,59.7,53.0,61.8,74.3,No,Bachelor,Low,Yes,3.68,Pass,C,Low
2355,Male,21,5.0,82.7,60.9,57.3,69.6,70.2,Yes,High School,Medium,Yes,2.6,Pass,C,Low
2356,Female,17,1.0,64.6,39.4,28.3,60.3,53.0,Yes,High School,Low,Yes,2.41,Pass,D,Medium
2357,Female,18,3.3,94.8,66.2,58.1,92.2,85.7,Yes,Bachelor,Medium,Yes,3.03,Pass,A,Low
2358,Male,16,4.4,81.7,68.6,53.3,68.0,79.5,Yes,High School,Medium,No,2.83,Pass,B,Low
2359,Male,15,8.4,69.2,76.3,64.3,72.8,87.0,Yes,Bachelor,Low,Yes,2.68,Pass,A,Medium
2360,Female,21,2.3,75.2,61.2,45.1,64.2,70.3,Yes,High School,High,Yes,2.93,Pass,C,Low
2361,Female,20,3.9,83.3,58.4,77.6,61.4,71.7,No,Master,High,No,2.82,Pass,C,Low
2362,Male,21,1.0,92.9,55.3,56.6,54.6,67.4,Yes,Bachelor,Low,No,2.67,Pass,C,Low
2363,Female,21,3.2,92.7,65.2,81.1,60.1,78.3,Yes,Bachelor,High,No,3.36,Pass,B,Low
2364,Female,19,6.1,82.2,58.3,39.2,62.4,71.8,Yes,None,Low,Yes,1.93,Pass,C,Low
2365,Female,17,8.4,86.5,91.2,74.8,72.8,94.0,Yes,High School,Low,No,2.25,Pass,A,Low
2366,Male,15,4.1,93.9,48.2,55.4,64.2,73.8,Yes,Master,Low,No,2.33,Pass,C,Low
2367,Female,19,1.0,92.4,59.3,53.7,60.0,59.1,Yes,Master,Medium,Yes,2.17,Pass,D,Medium
2368,Female,19,6.7,90.4,88.3,85.5,79.3,98.7,Yes,High School,Medium,Yes,2.85,Pass,A,Low
2369,Male,20,1.0,90.2,60.8,46.2,64.3,70.0,Yes,Bachelor,Medium,Yes,3.1,Pass,C,Low
2370,Male,18,1.4,88.2,48.0,39.8,52.3,54.2,Yes,Bachelor,High,No,1.62,Pass,D,Medium
2371,Female,20,7.0,89.0,88.2,73.2,80.3,92.8,Yes,Master,Medium,Yes,2.52,Pass,A,Low
2372,Male,18,3.0,95.1,54.7,59.1,83.8,73.0,Yes,Bachelor,Medium,No,2.61,Pass,C,Low
2373,Female,18,2.2,97.9,61.1,39.1,55.8,61.7,Yes,Bachelor,Medium,No,2.63,Pass,D,Medium
2374,Female,15,4.8,91.3,60.2,71.4,69.0,78.2,Yes,Master,High,No,2.03,Pass,B,Low
2375,Male,21,3.5,82.9,72.9,67.6,68.5,77.1,No,High School,Low,Yes,2.61,Pass,B,Low
2376,Female,15,5.8,89.2,66.6,68.5,76.6,81.6,Yes,Master,Medium,Yes,2.25,Pass,B,Low
2377,Male,17,3.6,80.2,61.7,51.4,75.3,68.0,Yes,Doctorate,Medium,Yes,2.6,Pass,C,Low
2378,Female,18,3.7,83.4,62.6,56.4,49.8,67.4,No,Doctorate,Medium,Yes,1.77,Pass,C,Low
2379,Male,19,5.7,90.2,76.9,76.6,71.9,84.8,Yes,Master,Medium,No,2.6,Pass,B,Low
2380,Female,21,3.0,89.6,68.9,62.9,68.2,71.0,Yes,Bachelor,Medium,Yes,2.37,Pass,C,Low
2381,Male,16,1.8,96.4,61.9,47.1,56.7,71.7,Yes,None,Medium,Yes,2.64,Pass,C,Low
2382,Male,17,4.9,95.4,78.0,88.0,95.2,90.5,Yes,Bachelor,Medium,Yes,2.98,Pass,A,Low
2383,Female,15,2.7,97.9,66.8,47.5,56.2,72.8,No,Bachelor,Medium,Yes,2.77,Pass,C,Low
2384,Male,20,3.8,83.6,73.2,57.0,59.3,69.7,Yes,High School,Low,No,3.28,Pass,C,Low
2385,Female,17,1.0,89.3,38.1,45.2,41.4,48.4,Yes,None,Medium,No,2.58,Fail,F,High
2386,Male,17,2.9,96.1,69.3,71.6,93.5,87.5,Yes,Master,Medium,No,3.17,Pass,A,Low
2387,Female,21,2.3,94.3,76.4,76.1,91.1,84.9,Yes,Master,Medium,Yes,3.47,Pass,B,Low
2388,Male,17,1.0,91.8,63.7,65.3,67.5,66.0,Yes,High School,High,No,2.96,Pass,C,Low
2389,Female,17,3.0,80.1,77.0,67.0,79.7,82.5,Yes,Master,Medium,No,2.79,Pass,B,Low
2390,Male,16,3.1,92.0,58.3,56.8,63.2,74.3,Yes,Master,Low,Yes,3.05,Pass,C,Low
2391,Male,22,4.0,79.9,66.8,55.9,75.9,68.7,Yes,Bachelor,Medium,Yes,2.99,Pass,C,Low
2392,Male,20,6.1,93.3,69.1,70.4,68.4,91.1,No,High School,High,No,3.4,Pass,A,Low
2393,Male,20,5.5,84.0,69.8,77.1,75.7,82.2,Yes,Bachelor,Medium,No,3.28,Pass,B,Low
2394,Female,20,2.4,71.8,67.8,51.6,65.4,62.7,Yes,High School,Medium,No,3.28,Pass,D,Medium
2395,Male,18,3.6,92.7,78.8,68.7,69.6,77.6,Yes,Bachelor,Low,Yes,2.83,Pass,B,Low
2396,Female,19,4.3,78.3,57.9,53.2,63.2,72.1,No,High School,Medium,Yes,3.0,Pass,C,Low
2397,Male,22,2.4,97.7,58.6,67.9,54.1,71.7,Yes,Bachelor,Medium,No,2.99,Pass,C,Low
2398,Male,20,1.1,83.7,45.9,39.4,47.7,47.2,Yes,High School,High,No,2.08,Fail,F,High
2399,Female,17,2.8,86.7,64.9,67.7,67.3,70.7,Yes,High School,Medium,Yes,3.44,Pass,C,Low
2400,Female,17,6.2,95.1,71.8,51.0,69.6,77.2,Yes,High School,Medium,No,1.8,Pass,B,Low
2401,Male,20,1.0,80.3,56.4,36.7,42.5,54.5,Yes,None,Medium,Yes,3.23,Pass,D,High
2402,Male,21,1.6,73.4,53.8,49.3,48.4,62.3,Yes,Bachelor,Medium,No,2.96,Pass,D,Medium
2403,Male,20,1.9,92.0,60.0,67.1,74.0,71.3,Yes,Bachelor,High,No,2.63,Pass,C,Low
2404,Female,17,1.6,91.3,59.9,62.3,47.2,69.0,Yes,Bachelor,Medium,No,3.03,Pass,C,Low
2405,Female,18,4.8,69.4,71.1,48.3,68.7,79.6,Yes,Bachelor,High,Yes,3.05,Pass,B,Medium
2406,Male,15,2.1,88.4,43.8,47.3,45.6,59.5,No,None,Medium,Yes,2.02,Pass,D,Medium
2407,Female,15,4.9,79.8,66.7,44.1,65.9,65.1,No,High School,Low,No,3.65,Pass,C,Low
2408,Female,22,3.3,88.9,68.5,68.5,66.1,75.3,Yes,High School,Medium,No,2.84,Pass,B,Low
2409,Female,22,1.0,95.2,44.4,51.6,45.2,62.8,Yes,None,Low,Yes,4.0,Pass,D,Medium
2410,Female,20,2.5,90.8,58.7,60.5,78.0,76.0,Yes,Bachelor,Low,No,3.27,Pass,B,Low
2411,Male,16,5.6,94.4,78.7,74.3,84.4,82.4,No,High School,Medium,Yes,2.83,Pass,B,Low
2412,Male,20,3.5,86.2,61.7,62.5,70.0,70.5,Yes,High School,Medium,Yes,2.39,Pass,C,Low
2413,Male,21,2.6,77.7,45.5,46.0,37.8,51.6,No,High School,Medium,Yes,2.73,Pass,D,High
2414,Male,20,6.2,85.2,62.0,49.3,70.6,76.4,Yes,None,Low,Yes,2.89,Pass,B,Low
2415,Female,22,1.5,92.6,54.5,56.2,66.9,70.2,Yes,High School,Medium,Yes,3.68,Pass,C,Low
2416,Female,15,2.2,84.6,60.3,62.4,57.2,67.6,Yes,None,Medium,No,3.54,Pass,C,Low
2417,Male,17,5.3,84.0,71.5,57.3,62.8,76.0,Yes,None,High,Yes,3.07,Pass,B,Low
2418,Male,20,4.7,63.2,63.1,69.6,69.0,77.4,No,Bachelor,Medium,Yes,3.86,Pass,B,Medium
2419,Male,17,1.4,80.2,54.4,23.3,49.8,50.0,Yes,High School,Medium,No,1.59,Pass,D,Medium
2420,Female,17,4.2,76.1,45.5,47.0,70.0,70.9,Yes,High School,Low,No,3.08,Pass,C,Low
2421,Male,16,2.1,97.6,65.9,64.4,75.0,77.1,Yes,Bachelor,Medium,No,3.55,Pass,B,Low
2422,Female,17,1.0,96.7,51.0,52.5,53.3,57.9,Yes,Bachelor,Medium,Yes,3.13,Pass,D,Medium
2423,Male,15,2.6,92.5,49.6,49.7,66.3,61.8,Yes,Bachelor,High,No,2.0,Pass,D,Medium
2424,Male,18,8.7,81.8,100.0,78.1,85.3,100.0,Yes,Bachelor,Low,Yes,3.63,Pass,A,Low
2425,Female,18,5.7,94.1,77.5,69.1,58.3,83.1,No,None,Medium,Yes,3.26,Pass,B,Low
2426,Female,19,3.1,94.7,47.3,57.9,53.8,63.2,Yes,Bachelor,Medium,Yes,3.01,Pass,D,Medium
2427,Male,21,1.0,85.7,65.9,51.4,72.5,71.3,Yes,Bachelor,Low,Yes,2.85,Pass,C,Low
2428,Female,20,1.0,87.2,69.8,59.2,81.2,78.3,Yes,Doctorate,Medium,Yes,4.0,Pass,B,Low
2429,Female,21,3.3,84.9,68.4,52.8,52.7,68.3,Yes,High School,High,No,3.07,Pass,C,Low
2430,Female,15,4.1,84.4,65.5,80.0,67.0,77.6,Yes,High School,Medium,Yes,2.65,Pass,B,Low
2431,Male,17,4.8,78.9,64.3,58.3,82.4,73.8,Yes,High School,High,No,2.31,Pass,C,Low
2432,Female,18,4.5,87.4,70.2,70.7,60.6,83.3,Yes,High School,Low,Yes,3.25,Pass,B,Low
2433,Male,21,4.7,83.7,80.9,75.0,89.1,98.3,Yes,Bachelor,Medium,Yes,3.39,Pass,A,Low
2434,Female,15,3.8,90.9,67.9,62.2,77.8,77.4,Yes,Bachelor,Medium,Yes,2.83,Pass,B,Low
2435,Male,18,6.2,89.6,64.9,61.2,83.0,89.9,Yes,Bachelor,Medium,No,2.47,Pass,A,Low
2436,Male,17,2.3,84.9,49.0,56.6,53.6,63.6,No,None,High,No,3.6,Pass,D,Medium
2437,Male,21,3.3,84.8,38.7,40.6,49.8,57.3,Yes,High School,Low,No,2.27,Pass,D,Medium
2438,Female,18,1.0,90.7,73.4,61.5,66.3,80.8,Yes,Bachelor,High,No,3.98,Pass,B,Low
2439,Male,20,2.2,80.1,47.7,48.9,54.7,59.9,Yes,High School,Medium,No,2.36,Pass,D,Medium
2440,Female,22,5.6,95.7,65.4,58.0,56.0,78.8,Yes,Bachelor,Low,No,2.03,Pass,B,Low
2441,Female,20,4.6,91.6,67.1,60.2,70.1,76.1,Yes,Bachelor,High,No,2.11,Pass,B,Low
2442,Male,19,1.0,92.8,46.1,47.4,67.5,54.5,Yes,None,Medium,Yes,2.13,Pass,D,Medium
2443,Female,19,9.1,97.8,92.1,79.4,99.7,100.0,Yes,Bachelor,High,Yes,2.66,Pass,A,Low
2444,Male,18,3.5,89.9,66.8,63.0,73.9,76.0,Yes,High School,Medium,Yes,2.52,Pass,B,Low
2445,Female,22,3.6,86.7,65.6,67.0,63.5,77.9,Yes,Bachelor,High,Yes,3.41,Pass,B,Low
2446,Male,15,2.2,76.9,61.0,46.7,57.8,63.3,Yes,High School,Medium,Yes,3.33,Pass,D,Medium
2447,Female,20,2.5,90.0,59.7,55.9,75.6,75.9,Yes,High School,Low,Yes,2.67,Pass,B,Low
2448,Female,15,3.5,93.6,71.2,65.3,77.7,87.8,Yes,Bachelor,Medium,Yes,4.0,Pass,A,Low
2449,Female,22,4.5,88.2,55.6,55.8,58.8,66.2,Yes,High School,Low,Yes,2.66,Pass,C,Low
2450,Female,15,3.9,87.4,64.6,67.1,74.5,79.1,Yes,Bachelor,Medium,No,2.74,Pass,B,Low
2451,Female,22,2.3,82.8,62.7,44.2,52.3,65.2,Yes,Bachelor,Low,Yes,2.03,Pass,C,Low
2452,Female,18,1.7,97.2,55.1,76.3,79.3,80.4,Yes,Bachelor,Low,Yes,2.75,Pass,B,Low
2453,Female,15,1.7,92.6,48.8,60.8,60.2,69.7,Yes,High School,Low,No,2.98,Pass,C,Low
2454,Female,20,5.8,88.4,59.8,70.8,60.8,80.2,Yes,None,Medium,Yes,2.09,Pass,B,Low
2455,Male,17,5.4,79.0,76.3,64.6,88.2,82.9,Yes,Bachelor,Medium,Yes,2.5,Pass,B,Low
2456,Female,19,4.3,95.0,80.6,49.5,85.3,80.2,No,Master,Medium,Yes,3.0,Pass,B,Low
2457,Female,17,5.8,84.8,68.1,53.4,63.1,76.3,Yes,Bachelor,Low,Yes,2.49,Pass,B,Low
2458,Female,15,3.0,77.1,49.6,49.9,48.1,55.6,No,Bachelor,Medium,Yes,2.36,Pass,D,Medium
2459,Male,17,5.2,91.5,71.5,69.6,80.1,84.6,Yes,Bachelor,Medium,Yes,3.27,Pass,B,Low
2460,Female,20,4.4,86.3,51.1,53.8,61.0,65.9,Yes,Bachelor,Medium,Yes,2.03,Pass,C,Low
2461,Male,20,5.2,90.6,56.6,44.4,63.9,68.8,No,High School,High,No,2.15,Pass,C,Low
2462,Female,15,1.5,56.8,37.7,41.3,42.8,51.9,Yes,Bachelor,Medium,No,2.91,Pass,D,High
2463,Male,18,1.0,73.5,64.2,54.3,69.3,63.0,Yes,Doctorate,Medium,No,3.31,Pass,D,Medium
2464,Female,17,3.7,88.2,73.2,57.4,60.9,83.1,Yes,Bachelor,Low,Yes,2.98,Pass,B,Low
2465,Female,18,2.6,76.9,53.6,48.6,63.4,69.0,Yes,High School,Low,Yes,2.67,Pass,C,Low
2466,Male,18,1.0,78.2,48.5,37.1,46.8,59.0,Yes,Bachelor,High,No,2.62,Pass,D,Medium
2467,Female,22,6.3,78.3,69.8,85.1,82.4,87.9,No,Doctorate,High,Yes,3.41,Pass,A,Low
2468,Male,16,5.4,87.9,60.4,73.5,73.0,84.9,No,Master,Low,No,3.32,Pass,B,Low
2469,Female,15,3.9,84.2,64.0,67.6,68.8,72.5,Yes,High School,Medium,Yes,2.83,Pass,C,Low
2470,Female,19,1.8,82.4,58.2,54.8,62.2,66.5,Yes,Doctorate,Medium,No,2.63,Pass,C,Low
2471,Female,20,1.0,83.8,61.8,37.9,52.2,53.2,Yes,Bachelor,Medium,Yes,2.82,Pass,D,Medium
2472,Female,20,1.0,80.2,55.9,46.9,34.0,57.8,No,Bachelor,High,Yes,2.36,Pass,D,High
2473,Female,15,2.2,99.0,62.2,70.9,70.0,72.8,Yes,Bachelor,Low,No,2.71,Pass,C,Low
2474,Male,22,4.8,84.1,67.4,70.2,68.3,79.9,Yes,Doctorate,Medium,No,2.51,Pass,B,Low
2475,Male,21,2.6,90.8,50.3,50.6,41.3,64.2,Yes,None,Low,Yes,2.74,Pass,D,High
2476,Female,21,4.3,85.8,61.8,58.2,58.6,70.3,Yes,None,Medium,No,2.53,Pass,C,Low
2477,Female,21,4.4,94.2,68.9,65.1,70.8,78.8,Yes,High School,Low,Yes,3.11,Pass,B,Low
2478,Female,22,4.7,96.9,59.9,61.3,48.3,75.4,No,None,High,Yes,3.29,Pass,B,Low
2479,Female,19,1.0,93.2,54.5,38.7,63.3,65.9,Yes,High School,Medium,No,2.57,Pass,C,Low
2480,Male,20,1.9,65.8,54.1,46.7,43.3,54.1,No,High School,High,No,2.31,Pass,D,High
2481,Female,15,4.2,96.1,73.5,64.1,78.5,87.4,Yes,Bachelor,Low,No,3.23,Pass,A,Low
2482,Male,22,7.1,87.4,87.1,89.8,73.7,97.9,Yes,Bachelor,Low,Yes,2.91,Pass,A,Low
2483,Female,20,6.0,79.5,64.0,62.9,87.6,83.3,Yes,Bachelor,Low,Yes,2.58,Pass,B,Low
2484,Male,18,3.8,94.0,58.1,72.2,69.6,80.4,Yes,Bachelor,Medium,No,3.63,Pass,B,Low
2485,Male,17,6.4,85.6,64.2,64.2,67.4,81.6,No,None,High,Yes,2.46,Pass,B,Low
2486,Male,17,3.8,92.0,52.2,48.3,69.0,73.0,Yes,High School,Medium,Yes,1.6,Pass,C,Low
2487,Male,22,1.0,81.8,35.9,45.9,39.4,49.7,Yes,High School,Low,Yes,2.38,Fail,F,High
2488,Female,20,4.7,90.8,76.4,67.3,73.3,91.4,Yes,None,Low,Yes,3.77,Pass,A,Low
2489,Male,16,6.1,80.1,58.7,71.0,75.1,82.6,Yes,High School,Low,Yes,2.61,Pass,B,Low
2490,Male,19,8.4,88.0,83.9,81.5,74.6,92.0,No,Bachelor,Medium,Yes,2.49,Pass,A,Low
2491,Male,21,2.2,79.2,77.5,63.1,64.6,72.2,Yes,Bachelor,Medium,No,2.82,Pass,C,Low
2492,Male,19,1.4,95.0,58.1,54.6,70.2,67.3,Yes,Bachelor,Medium,No,3.41,Pass,C,Low
2493,Male,19,5.2,97.4,73.7,64.4,82.7,81.8,Yes,Bachelor,Medium,Yes,2.75,Pass,B,Low
2494,Male,22,4.1,90.5,78.2,79.2,68.4,86.4,Yes,High School,Low,Yes,3.15,Pass,A,Low
2495,Female,18,3.9,76.1,61.8,61.2,81.0,79.4,Yes,Doctorate,Low,Yes,2.69,Pass,B,Low
2496,Female,19,6.4,91.7,74.1,84.5,79.8,92.7,Yes,High School,Medium,Yes,3.16,Pass,A,Low
2497,Female,17,5.2,88.4,72.6,58.2,78.3,83.9,Yes,Bachelor,Medium,No,2.91,Pass,B,Low
2498,Male,18,4.3,79.2,69.6,82.1,77.7,78.9,Yes,High School,Medium,No,2.56,Pass,B,Low
2499,Male,15,2.4,82.1,47.1,39.3,41.8,59.2,No,Bachelor,Low,No,2.95,Pass,D,High
2500,Female,19,4.9,71.9,58.1,55.6,65.6,79.6,Yes,Bachelor,Low,No,2.47,Pass,B,Medium
